/*
Navicat MariaDB Data Transfer

Source Server         : 本地
Source Server Version : 100113
Source Host           : localhost:3306
Source Database       : blog

Target Server Type    : MariaDB
Target Server Version : 100113
File Encoding         : 65001

Date: 2016-12-23 17:25:30
*/

SET FOREIGN_KEY_CHECKS=0;

-- ----------------------------
-- Table structure for blogs
-- ----------------------------
DROP TABLE IF EXISTS `blogs`;
CREATE TABLE `blogs` (
  `id` int(10) unsigned NOT NULL AUTO_INCREMENT,
  `title` varchar(50) NOT NULL,
  `user_id` int(10) NOT NULL COMMENT '发布者的邮箱',
  `summary` varchar(200) NOT NULL,
  `view_count` int(11) DEFAULT '0',
  `content` longtext NOT NULL COMMENT '内容',
  `create_time` datetime NOT NULL,
  PRIMARY KEY (`id`),
  KEY `idx_created_at` (`create_time`)
) ENGINE=MyISAM AUTO_INCREMENT=56 DEFAULT CHARSET=utf8;

-- ----------------------------
-- Records of blogs
-- ----------------------------
INSERT INTO `blogs` VALUES ('35', 'Python List数据的遍历', '34', '', '25', '<h4 id=\"h4--\"><a name=\"方式一：\" class=\"reference-link\"></a><span class=\"header-link octicon octicon-link\"></span>方式一：</h4><pre class=\"prettyprint linenums prettyprinted\"><ol class=\"linenums\"><li class=\"L0\"><code class=\"lang-python\"><span class=\"pun\">&lt;!--</span><span class=\"pln\"> lang</span><span class=\"pun\">:</span><span class=\"pln\"> python </span><span class=\"pun\">--&gt;</span></code></li><li class=\"L1\"><code class=\"lang-python\"><span class=\"pln\">app_list </span><span class=\"pun\">=</span><span class=\"pln\"> </span><span class=\"pun\">[</span><span class=\"lit\">1234</span><span class=\"pun\">,</span><span class=\"pln\"> </span><span class=\"lit\">5677</span><span class=\"pun\">,</span><span class=\"pln\"> </span><span class=\"lit\">8899</span><span class=\"pun\">]</span></code></li><li class=\"L2\"><code class=\"lang-python\"><span class=\"pun\">&lt;!--</span><span class=\"pln\"> lang</span><span class=\"pun\">:</span><span class=\"pln\"> python </span><span class=\"pun\">--&gt;</span></code></li><li class=\"L3\"><code class=\"lang-python\"><span class=\"kwd\">for</span><span class=\"pln\"> app_id </span><span class=\"kwd\">in</span><span class=\"pln\"> app_list</span><span class=\"pun\">:</span></code></li><li class=\"L4\"><code class=\"lang-python\"><span class=\"pun\">&lt;!--</span><span class=\"pln\"> lang</span><span class=\"pun\">:</span><span class=\"pln\"> python </span><span class=\"pun\">--&gt;</span></code></li><li class=\"L5\"><code class=\"lang-python\"><span class=\"pln\">    </span><span class=\"kwd\">print</span><span class=\"pln\"> app_id</span></code></li><li class=\"L6\"><code class=\"lang-python\"><span class=\"pun\">输出：</span><span class=\"pln\"> </span><span class=\"lit\">1234</span><span class=\"pln\"> </span><span class=\"lit\">5677</span><span class=\"pln\"> </span><span class=\"lit\">8899</span></code></li></ol></pre>\n<h4 id=\"h4--\"><a name=\"方式二：\" class=\"reference-link\"></a><span class=\"header-link octicon octicon-link\"></span>方式二：</h4><pre class=\"prettyprint linenums prettyprinted\"><ol class=\"linenums\"><li class=\"L0\"><code class=\"lang-python\"><span class=\"pun\">&lt;!--</span><span class=\"pln\"> lang</span><span class=\"pun\">:</span><span class=\"pln\"> python </span><span class=\"pun\">--&gt;</span></code></li><li class=\"L1\"><code class=\"lang-python\"><span class=\"pln\">app_list </span><span class=\"pun\">=</span><span class=\"pln\"> </span><span class=\"pun\">[</span><span class=\"lit\">1234</span><span class=\"pun\">,</span><span class=\"pln\"> </span><span class=\"lit\">5677</span><span class=\"pun\">,</span><span class=\"pln\"> </span><span class=\"lit\">8899</span><span class=\"pun\">]</span></code></li><li class=\"L2\"><code class=\"lang-python\"><span class=\"pun\">&lt;!--</span><span class=\"pln\"> lang</span><span class=\"pun\">:</span><span class=\"pln\"> python </span><span class=\"pun\">--&gt;</span></code></li><li class=\"L3\"><code class=\"lang-python\"><span class=\"kwd\">for</span><span class=\"pln\"> index</span><span class=\"pun\">,</span><span class=\"pln\">app_id </span><span class=\"kwd\">in</span><span class=\"pln\"> enumerate</span><span class=\"pun\">(</span><span class=\"pln\">app_list</span><span class=\"pun\">):</span></code></li><li class=\"L4\"><code class=\"lang-python\"><span class=\"pun\">&lt;!--</span><span class=\"pln\"> lang</span><span class=\"pun\">:</span><span class=\"pln\"> python </span><span class=\"pun\">--&gt;</span></code></li><li class=\"L5\"><code class=\"lang-python\"><span class=\"pln\">    </span><span class=\"kwd\">print</span><span class=\"pln\"> index</span><span class=\"pun\">,</span><span class=\"pln\"> app_id</span></code></li><li class=\"L6\"><code class=\"lang-python\"><span class=\"pun\">输出：</span><span class=\"pln\"> </span><span class=\"lit\">0</span><span class=\"pln\"> </span><span class=\"lit\">1234</span><span class=\"pln\"> </span><span class=\"lit\">1</span><span class=\"pln\"> </span><span class=\"lit\">5677</span><span class=\"pln\"> </span><span class=\"lit\">2</span><span class=\"pln\"> </span><span class=\"lit\">8899</span></code></li></ol></pre>\n<h4 id=\"h4--range-xrange-\"><a name=\"方式三： 使用range()或xrange()\" class=\"reference-link\"></a><span class=\"header-link octicon octicon-link\"></span>方式三： 使用range()或xrange()</h4><pre class=\"prettyprint linenums prettyprinted\"><ol class=\"linenums\"><li class=\"L0\"><code class=\"lang-python\"><span class=\"pun\">&lt;!--</span><span class=\"pln\"> lang</span><span class=\"pun\">:</span><span class=\"pln\"> python </span><span class=\"pun\">--&gt;</span></code></li><li class=\"L1\"><code class=\"lang-python\"><span class=\"pln\"> app_list </span><span class=\"pun\">=</span><span class=\"pln\"> </span><span class=\"pun\">[</span><span class=\"lit\">1234</span><span class=\"pun\">,</span><span class=\"pln\"> </span><span class=\"lit\">5677</span><span class=\"pun\">,</span><span class=\"pln\"> </span><span class=\"lit\">8899</span><span class=\"pun\">]</span></code></li><li class=\"L2\"><code class=\"lang-python\"><span class=\"pun\">&lt;!--</span><span class=\"pln\"> lang</span><span class=\"pun\">:</span><span class=\"pln\"> python </span><span class=\"pun\">--&gt;</span></code></li><li class=\"L3\"><code class=\"lang-python\"><span class=\"pln\">    </span><span class=\"kwd\">for</span><span class=\"pln\"> i </span><span class=\"kwd\">in</span><span class=\"pln\"> range</span><span class=\"pun\">(</span><span class=\"pln\">len</span><span class=\"pun\">(</span><span class=\"pln\">app_list</span><span class=\"pun\">)):</span></code></li><li class=\"L4\"><code class=\"lang-python\"><span class=\"pun\">&lt;!--</span><span class=\"pln\"> lang</span><span class=\"pun\">:</span><span class=\"pln\"> python </span><span class=\"pun\">--&gt;</span></code></li><li class=\"L5\"><code class=\"lang-python\"><span class=\"pln\">          </span><span class=\"kwd\">print</span><span class=\"pln\"> i</span><span class=\"pun\">,</span><span class=\"pln\">app_list</span><span class=\"pun\">[</span><span class=\"pln\">i</span><span class=\"pun\">]</span></code></li><li class=\"L6\"><code class=\"lang-python\"><span class=\"pun\">输出：</span><span class=\"pln\"> </span><span class=\"lit\">0</span><span class=\"pln\"> </span><span class=\"lit\">1234</span><span class=\"pln\"> </span><span class=\"lit\">1</span><span class=\"pln\"> </span><span class=\"lit\">5677</span><span class=\"pln\"> </span><span class=\"lit\">2</span><span class=\"pln\"> </span><span class=\"lit\">8899</span></code></li></ol></pre>\n<h4 id=\"h4--iter-\"><a name=\"方式四： 使用iter()\" class=\"reference-link\"></a><span class=\"header-link octicon octicon-link\"></span>方式四： 使用iter()</h4><pre class=\"prettyprint linenums prettyprinted\"><ol class=\"linenums\"><li class=\"L0\"><code class=\"lang-python\"><span class=\"pun\">&lt;!--</span><span class=\"pln\"> lang</span><span class=\"pun\">:</span><span class=\"pln\"> python </span><span class=\"pun\">--&gt;</span></code></li><li class=\"L1\"><code class=\"lang-python\"><span class=\"pln\">app_list </span><span class=\"pun\">=</span><span class=\"pln\"> </span><span class=\"pun\">[</span><span class=\"lit\">1234</span><span class=\"pun\">,</span><span class=\"pln\"> </span><span class=\"lit\">5677</span><span class=\"pun\">,</span><span class=\"pln\"> </span><span class=\"lit\">8899</span><span class=\"pun\">]</span></code></li><li class=\"L2\"><code class=\"lang-python\"><span class=\"pun\">&lt;!--</span><span class=\"pln\"> lang</span><span class=\"pun\">:</span><span class=\"pln\"> python </span><span class=\"pun\">--&gt;</span></code></li><li class=\"L3\"><code class=\"lang-python\"><span class=\"kwd\">for</span><span class=\"pln\"> app_id </span><span class=\"kwd\">in</span><span class=\"pln\"> iter</span><span class=\"pun\">(</span><span class=\"pln\">app_list</span><span class=\"pun\">):</span></code></li><li class=\"L4\"><code class=\"lang-python\"><span class=\"pun\">&lt;!--</span><span class=\"pln\"> lang</span><span class=\"pun\">:</span><span class=\"pln\"> python </span><span class=\"pun\">--&gt;</span></code></li><li class=\"L5\"><code class=\"lang-python\"><span class=\"pln\">    </span><span class=\"kwd\">print</span><span class=\"pln\"> app_id</span></code></li><li class=\"L6\"><code class=\"lang-python\"><span class=\"pun\">输出：</span><span class=\"pln\"> </span><span class=\"lit\">1234</span><span class=\"pln\"> </span><span class=\"lit\">5677</span><span class=\"pln\"> </span><span class=\"lit\">8899</span></code></li></ol></pre>\n', '2016-09-20 16:29:14');
INSERT INTO `blogs` VALUES ('36', '这是一篇测试文章', '34', '', '0', '<p>这是测试文章。。</p>\n', '2016-09-22 09:37:51');
INSERT INTO `blogs` VALUES ('37', '你好。，，这是第二篇测试文章', '34', '', '0', '## nidnsaojfnlksd\nsdgnjklgsnl\nsdgsdg\n#### fsdfsdfsd\nsdfsdfsdf`fsdfdsfsdf`fsdfsdfsdfs`sdfsdfsdf`sdfsdfs`sdfsdf`````\nfsdfsd`fsdfsdfsd`', '2016-09-22 14:53:40');
INSERT INTO `blogs` VALUES ('38', '这是第三篇测试文章', '34', '', '0', '<p>这是第三篇测试文章。。。。<br>大萨达萨达<br>sadadsad<br>大萨达萨达<br>打算的撒打算<br>    大萨达萨达萨达阿萨德撒大<br>    啊大大大叔的挨打的三大\n<pre><code>大萨达萨达\n萨达萨达萨达\n大萨达萨达\n萨顶顶撒爱上\n阿萨德撒大\n啊实打实的a萨达啊\n阿斯顿撒\nsadas \n</code></pre>', '2016-09-22 14:55:49');
INSERT INTO `blogs` VALUES ('39', '这是第四篇测试文章，，getMarkdown', '34', '', '0', '### ddasdas\n#### dsadsad\n###### dadasdsadasd\n# dsadasd\n## sadda', '2016-09-22 15:37:31');
INSERT INTO `blogs` VALUES ('40', '第5片测试', '34', '', '0', '<h6 id=\"h6-fafaf\"><a name=\"fafaf\" class=\"reference-link\"></a><span class=\"header-link octicon octicon-link\"></span>fafaf</h6><p>fasfasa<br>asfasfa\n<h3 id=\"h3-fasfa\"><a name=\"fasfa\" class=\"reference-link\"></a><span class=\"header-link octicon octicon-link\"></span>fasfa</h3><pre><code>jfsfnsdjfn\nsdfsdnfjsdlf\nfsdnfjlsdf\nfsdfnsdklfs\n</code></pre>', '2016-09-22 16:08:30');
INSERT INTO `blogs` VALUES ('41', '这是新的一轮测试，为第一轮', '34', '', '0', '<h1 id=\"h1-dasdsadasd\"><a name=\"dasdsadasd\" class=\"reference-link\"></a><span class=\"header-link octicon octicon-link\"></span>dasdsadasd</h1><h2 id=\"h2-dsadasd\"><a name=\"dsadasd\" class=\"reference-link\"></a><span class=\"header-link octicon octicon-link\"></span>dsadasd</h2><h3 id=\"h3-adsadasd\"><a name=\"adsadasd\" class=\"reference-link\"></a><span class=\"header-link octicon octicon-link\"></span>adsadasd</h3><h4 id=\"h4-sdsadsa\"><a name=\"sdsadsa\" class=\"reference-link\"></a><span class=\"header-link octicon octicon-link\"></span>sdsadsa</h4><h5 id=\"h5-adsad\"><a name=\"adsad\" class=\"reference-link\"></a><span class=\"header-link octicon octicon-link\"></span>adsad</h5>', '2016-09-22 17:09:42');
INSERT INTO `blogs` VALUES ('42', '这是新的第二轮测试，，为第二轮的第二次', '34', '', '0', '## 送库房内\n## 愤怒的设计费蛇年到了\n### 发送到您付款老师的\n#### 发士大夫纳斯达克浪费\n##### 发士大夫男生看了\n###### 发送到您付款老师的发\n### 爽肤水的年份拉克丝\n## 的方式纳斯达克浪费\n# 十多年付款老师的', '2016-09-22 17:11:09');
INSERT INTO `blogs` VALUES ('43', '这是第二轮测试第三次', '34', '', '0', '<pre class=\"prettyprint linenums prettyprinted\"><ol class=\"linenums\"><li class=\"L0\"><code class=\"lang-javascript\"><span class=\"pln\">$</span><span class=\"pun\">.</span><span class=\"pln\">ajax</span><span class=\"pun\">({</span></code></li><li class=\"L1\"><code class=\"lang-javascript\"><span class=\"pln\">            type</span><span class=\"pun\">:</span><span class=\"pln\"> </span><span class=\"str\">\"post\"</span><span class=\"pun\">,</span></code></li><li class=\"L2\"><code class=\"lang-javascript\"><span class=\"pln\">            url</span><span class=\"pun\">:</span><span class=\"pln\"> </span><span class=\"str\">\"/api/article/add\"</span><span class=\"pun\">,</span></code></li><li class=\"L3\"><code class=\"lang-javascript\"><span class=\"pln\">            data</span><span class=\"pun\">:</span><span class=\"pln\"> </span><span class=\"pun\">{</span><span class=\"pln\">title</span><span class=\"pun\">:</span><span class=\"pln\">title</span><span class=\"pun\">.</span><span class=\"pln\">val</span><span class=\"pun\">(),</span><span class=\"pln\"> category</span><span class=\"pun\">:</span><span class=\"pln\">encodeURIComponent</span><span class=\"pun\">(</span><span class=\"pln\">selectCategory</span><span class=\"pun\">),</span><span class=\"pln\"> tag</span><span class=\"pun\">:</span><span class=\"pln\"> tag</span><span class=\"pun\">.</span><span class=\"pln\">val</span><span class=\"pun\">(),</span><span class=\"pln\"> content</span><span class=\"pun\">:</span><span class=\"pln\"> content</span><span class=\"pun\">},</span></code></li><li class=\"L4\"><code class=\"lang-javascript\"><span class=\"pln\">            success</span><span class=\"pun\">:</span><span class=\"pln\"> </span><span class=\"kwd\">function</span><span class=\"pln\"> </span><span class=\"pun\">(</span><span class=\"pln\">result</span><span class=\"pun\">)</span><span class=\"pln\"> </span><span class=\"pun\">{</span></code></li><li class=\"L5\"><code class=\"lang-javascript\"><span class=\"pln\">                </span><span class=\"kwd\">if</span><span class=\"pun\">(</span><span class=\"pln\">result</span><span class=\"pun\">.</span><span class=\"pln\">status </span><span class=\"pun\">==</span><span class=\"pln\"> </span><span class=\"lit\">1</span><span class=\"pun\">){</span></code></li><li class=\"L6\"><code class=\"lang-javascript\"><span class=\"pln\">                    location</span><span class=\"pun\">.</span><span class=\"pln\">href </span><span class=\"pun\">=</span><span class=\"pln\"> </span><span class=\"str\">\'/admin\'</span><span class=\"pun\">;</span></code></li><li class=\"L7\"><code class=\"lang-javascript\"><span class=\"pln\">                </span><span class=\"pun\">}</span><span class=\"kwd\">else</span><span class=\"pun\">{</span></code></li><li class=\"L8\"><code class=\"lang-javascript\"><span class=\"pln\">                    $</span><span class=\"pun\">(</span><span class=\"str\">\"#publish\"</span><span class=\"pun\">).</span><span class=\"pln\">attr</span><span class=\"pun\">(</span><span class=\"str\">\'data-tooltip\'</span><span class=\"pun\">,</span><span class=\"pln\"> result</span><span class=\"pun\">.</span><span class=\"pln\">message</span><span class=\"pun\">)</span></code></li><li class=\"L9\"><code class=\"lang-javascript\"><span class=\"pln\">                </span><span class=\"pun\">}</span></code></li><li class=\"L0\"><code class=\"lang-javascript\"><span class=\"pln\">            </span><span class=\"pun\">}</span></code></li><li class=\"L1\"><code class=\"lang-javascript\"><span class=\"pln\">        </span><span class=\"pun\">});</span></code></li></ol></pre>\n', '2016-09-22 17:12:53');
INSERT INTO `blogs` VALUES ('44', '这是第三轮4次测试', '34', '', '1', '```javascript\n$.ajax({\n            type: \"post\",\n            url: \"/api/article/add\",\n            data: {title:title.val(), category:encodeURIComponent(selectCategory), tag: tag.val(), content: content},\n            success: function (result) {\n                if(result.status == 1){\n                    location.href = \'/admin\';\n                }else{\n                    $(\"#publish\").attr(\'data-tooltip\', result.message)\n                }\n            }\n        });\n```', '2016-09-22 17:14:13');
INSERT INTO `blogs` VALUES ('45', '第五次测试', '34', '', '2', '# dsadsad\n## dsadas\n### dsadas\n#### dasdas', '2016-09-22 17:43:00');
INSERT INTO `blogs` VALUES ('47', 'editor.md的安装与使用', '34', '', '1', '<h3 id=\"h3-editor-md-\"><a name=\"editor.md的官网下载地址\" class=\"reference-link\"></a><span class=\"header-link octicon octicon-link\"></span><a href=\"http://pandao.github.io/editor.md/\" title=\"editor.md的官网\">editor.md的官网下载地址</a></h3><h4 id=\"h4--editor-md-\"><a name=\"有关editor.md的使用\" class=\"reference-link\"></a><span class=\"header-link octicon octicon-link\"></span>有关editor.md的使用</h4><ol>\n<li><p>后台编辑器引用Editor.Md的使用</p>\n<pre><code class=\"lang-html\">&lt;link rel=\"stylesheet\" href=\"/static/editor.md/css/editormd.css\"&gt;\n&lt;link type=\"text/css\" rel=\"stylesheet\" href=\"/static/editor.md/scss/editormd.codemirror.scss\"&gt;\n&lt;script src=\"/static/editor.md/editormd.min.js\"&gt;&lt;/script&gt;\n</code></pre>\n<pre><code class=\"lang-html\">&lt;div id=\"article-editormd\" class=\"editormd editormd-vertical editormd-theme-dark\"&gt;\n         &lt;/div&gt;\n</code></pre>\n<p> <script type=\"text/javascript\"></p></script>\n<pre><code> var mdEditor;\n\n $(function() {\n     mdEditor = editormd(\"article-editormd\", {\n         width: \"100%\",\n         height: 350,\n         path : \'/static/editor.md/lib/\',\n         theme : \"dark\",\n         previewTheme : \"dark\",\n         editorTheme : \"pastel-on-dark\",\n         //markdown : \'\',\n         codeFold : true,\n         //syncScrolling : false,\n         saveHTMLToTextarea : false,    // 保存 HTML 到 Textarea\n         searchReplace : true,\n         //watch : false,                // 关闭实时预览\n         htmlDecode : \"style,script,iframe|on*\",            // 开启 HTML 标签解析，为了安全性，默认不开启\n         //toolbar  : false,             //关闭工具栏\n         //previewCodeHighlight : false, // 关闭预览 HTML 的代码块高亮，默认开启\n         emoji : true,\n         taskList : true,\n         tocm          : true,         // Using [TOCM]\n         tex : true,                   // 开启科学公式TeX语言支持，默认关闭\n         flowChart : true,             // 开启流程图支持，默认关闭\n         sequenceDiagram : true,       // 开启时序/序列图支持，默认关闭,\n         //dialogLockScreen : false,   // 设置弹出层对话框不锁屏，全局通用，默认为true\n         //dialogShowMask : false,     // 设置弹出层对话框显示透明遮罩层，全局通用，默认为true\n         //dialogDraggable : false,    // 设置弹出层对话框不可拖动，全局通用，默认为true\n         //dialogMaskOpacity : 0.4,    // 设置透明遮罩层的透明度，全局通用，默认值为0.1\n         //dialogMaskBgColor : \"#000\", // 设置透明遮罩层的背景颜色，全局通用，默认为#fff\n         imageUpload : true,\n         imageFormats : [\"jpg\", \"jpeg\", \"gif\", \"png\", \"bmp\", \"webp\"],\n         imageUploadURL : \"/upload\",\n         onload : function() {\n             //this.setMarkdown(\"#PHP\");  //设置内容\n             this.resize(\"100%\", 450);\n         }\n     });\n });\n</code></pre></li><li><p>获取内容，保存至数据库<br><code>var content = mdEditor.getMarkdown();</code></p>\n</li><li><p>前台html显示</p>\n</li></ol>\n<ul>\n<li>js引用<pre><code class=\"lang-html\">  &lt;link rel=\"stylesheet\" href=\"/static/editor.md/css/editormd.preview.css\" /&gt;\n  &lt;link type=\"text/css\" rel=\"stylesheet\" href=\"/static/css/katex.min.css\" /&gt;\n  &lt;link rel=\"stylesheet\" href=\"/static/css/editor_md.css\" /&gt;\n  &lt;link type=\"text/css\" rel=\"stylesheet\" href=\"/static/editor.md/css/editormd.css\" /&gt;\n  &lt;link type=\"text/css\" rel=\"stylesheet\" href=\"/static/editor.md/lib/codemirror/codemirror.min.css\" /&gt;\n  &lt;script type=\"text/javascript\" src=\"/static/js/katex.min.js\"&gt;&lt;/script&gt;\n  &lt;script src=\"/static/editor.md/lib/codemirror/codemirror.min.js\"&gt;&lt;/script&gt;\n  &lt;script src=\"/static/editor.md/lib/codemirror/codemirror.min.js\"&gt;&lt;/script&gt;\n  &lt;script src=\"/static/editor.md/lib/marked.min.js\"&gt;&lt;/script&gt;\n  &lt;script src=\"/static/editor.md/lib/prettify.min.js\"&gt;&lt;/script&gt;\n  &lt;script src=\"/static/editor.md/lib/raphael.min.js\"&gt;&lt;/script&gt;\n  &lt;script src=\"/static/editor.md/lib/underscore.min.js\"&gt;&lt;/script&gt;\n  &lt;script src=\"/static/editor.md/lib/sequence-diagram.min.js\"&gt;&lt;/script&gt;\n  &lt;script src=\"/static/editor.md/lib/flowchart.min.js\"&gt;&lt;/script&gt;\n  &lt;script src=\"/static/editor.md/lib/jquery.flowchart.min.js\"&gt;&lt;/script&gt;\n  &lt;script src=\"/static/editor.md/editormd.js\"&gt;&lt;/script&gt;\n</code></pre>\n-html代码<pre><code class=\"lang-html\">&lt;div id=\"editormd-view\" class=\"view-content\"&gt;\n   &lt;textarea id=\"append-view\" style=\"display:none;\"&gt;{{ blog.content }}&lt;/textarea&gt;\n&lt;/div&gt;\n</code></pre>\n<blockquote>\n<p>注意：这里有个坑，不能在textarea里面添加空格啥的，会显示不正常，我就是当时里面有空格，因为空格也会当作markdown的语来解析，所以导致显示不正常，找了两天才偶然发现这里有问题</p>\n</blockquote>\n</li></ul>\n<p>-js使用</p>\n<pre><code class=\"lang-javascript\">&lt;script type=\"text/javascript\"&gt;\n        $(function() {\n           var EditormdView;\n\n            EditormdView = editormd.markdownToHTML(\"editormd-view\", {\n                    htmlDecode      : \"style,script,iframe\",  // you can filter tags decode\n                    emoji           : true,\n                    taskList        : true,\n                    tex             : true,  // 默认不解析\n                    flowChart       : true,  // 默认不解析\n                    sequenceDiagram : true,  // 默认不解析\n                });\n        });\n    &lt;/script&gt;\n</code></pre>\n<ol>\n<li>到这里你就可以安心的使用markdown显示了，是不是很高打上。。哈哈、、</li></ol>\n', '2016-09-23 12:11:12');
INSERT INTO `blogs` VALUES ('48', 'editor.md的安装与使用2', '34', '', '2', '<h3 id=\"h3-editor-md-\"><a name=\"editor.md的官网下载地址\" class=\"reference-link\"></a><span class=\"header-link octicon octicon-link\"></span><a href=\"http://pandao.github.io/editor.md/\" title=\"editor.md的官网\">editor.md的官网下载地址</a></h3><h4 id=\"h4--editor-md-\"><a name=\"有关editor.md的使用\" class=\"reference-link\"></a><span class=\"header-link octicon octicon-link\"></span>有关editor.md的使用</h4><ol>\n<li><p>后台编辑器引用Editor.Md的使用</p>\n<pre><code class=\"lang-html\">&lt;link rel=\"stylesheet\" href=\"/static/editor.md/css/editormd.css\"&gt;\n&lt;link type=\"text/css\" rel=\"stylesheet\" href=\"/static/editor.md/scss/editormd.codemirror.scss\"&gt;\n&lt;script src=\"/static/editor.md/editormd.min.js\"&gt;&lt;/script&gt;\n</code></pre>\n<pre><code class=\"lang-html\">&lt;div id=\"article-editormd\" class=\"editormd editormd-vertical editormd-theme-dark\"&gt;\n         &lt;/div&gt;\n</code></pre>\n<p> <script type=\"text/javascript\"></p></script>\n<pre><code> var mdEditor;\n\n $(function() {\n     mdEditor = editormd(\"article-editormd\", {\n         width: \"100%\",\n         height: 350,\n         path : \'/static/editor.md/lib/\',\n         theme : \"dark\",\n         previewTheme : \"dark\",\n         editorTheme : \"pastel-on-dark\",\n         //markdown : \'\',\n         codeFold : true,\n         //syncScrolling : false,\n         saveHTMLToTextarea : false,    // 保存 HTML 到 Textarea\n         searchReplace : true,\n         //watch : false,                // 关闭实时预览\n         htmlDecode : \"style,script,iframe|on*\",            // 开启 HTML 标签解析，为了安全性，默认不开启\n         //toolbar  : false,             //关闭工具栏\n         //previewCodeHighlight : false, // 关闭预览 HTML 的代码块高亮，默认开启\n         emoji : true,\n         taskList : true,\n         tocm          : true,         // Using [TOCM]\n         tex : true,                   // 开启科学公式TeX语言支持，默认关闭\n         flowChart : true,             // 开启流程图支持，默认关闭\n         sequenceDiagram : true,       // 开启时序/序列图支持，默认关闭,\n         //dialogLockScreen : false,   // 设置弹出层对话框不锁屏，全局通用，默认为true\n         //dialogShowMask : false,     // 设置弹出层对话框显示透明遮罩层，全局通用，默认为true\n         //dialogDraggable : false,    // 设置弹出层对话框不可拖动，全局通用，默认为true\n         //dialogMaskOpacity : 0.4,    // 设置透明遮罩层的透明度，全局通用，默认值为0.1\n         //dialogMaskBgColor : \"#000\", // 设置透明遮罩层的背景颜色，全局通用，默认为#fff\n         imageUpload : true,\n         imageFormats : [\"jpg\", \"jpeg\", \"gif\", \"png\", \"bmp\", \"webp\"],\n         imageUploadURL : \"/upload\",\n         onload : function() {\n             //this.setMarkdown(\"#PHP\");  //设置内容\n             this.resize(\"100%\", 450);\n         }\n     });\n });\n</code></pre></li><li><p>获取内容，保存至数据库<br><code>var content = mdEditor.getMarkdown();</code></p>\n</li><li><p>前台html显示</p>\n</li></ol>\n<ul>\n<li>js引用<pre><code class=\"lang-html\">  &lt;link rel=\"stylesheet\" href=\"/static/editor.md/css/editormd.preview.css\" /&gt;\n  &lt;link type=\"text/css\" rel=\"stylesheet\" href=\"/static/css/katex.min.css\" /&gt;\n  &lt;link rel=\"stylesheet\" href=\"/static/css/editor_md.css\" /&gt;\n  &lt;link type=\"text/css\" rel=\"stylesheet\" href=\"/static/editor.md/css/editormd.css\" /&gt;\n  &lt;link type=\"text/css\" rel=\"stylesheet\" href=\"/static/editor.md/lib/codemirror/codemirror.min.css\" /&gt;\n  &lt;script type=\"text/javascript\" src=\"/static/js/katex.min.js\"&gt;&lt;/script&gt;\n  &lt;script src=\"/static/editor.md/lib/codemirror/codemirror.min.js\"&gt;&lt;/script&gt;\n  &lt;script src=\"/static/editor.md/lib/codemirror/codemirror.min.js\"&gt;&lt;/script&gt;\n  &lt;script src=\"/static/editor.md/lib/marked.min.js\"&gt;&lt;/script&gt;\n  &lt;script src=\"/static/editor.md/lib/prettify.min.js\"&gt;&lt;/script&gt;\n  &lt;script src=\"/static/editor.md/lib/raphael.min.js\"&gt;&lt;/script&gt;\n  &lt;script src=\"/static/editor.md/lib/underscore.min.js\"&gt;&lt;/script&gt;\n  &lt;script src=\"/static/editor.md/lib/sequence-diagram.min.js\"&gt;&lt;/script&gt;\n  &lt;script src=\"/static/editor.md/lib/flowchart.min.js\"&gt;&lt;/script&gt;\n  &lt;script src=\"/static/editor.md/lib/jquery.flowchart.min.js\"&gt;&lt;/script&gt;\n  &lt;script src=\"/static/editor.md/editormd.js\"&gt;&lt;/script&gt;\n</code></pre>\n-html代码<pre><code class=\"lang-html\">&lt;div id=\"editormd-view\" class=\"view-content\"&gt;\n   &lt;textarea id=\"append-view\" style=\"display:none;\"&gt;{{ blog.content }}&lt;/textarea&gt;\n&lt;/div&gt;\n</code></pre>\n<blockquote>\n<p>注意：这里有个坑，不能在textarea里面添加空格啥的，会显示不正常，我就是当时里面有空格，因为空格也会当作markdown的语来解析，所以导致显示不正常，找了两天才偶然发现这里有问题</p>\n</blockquote>\n</li></ul>\n<p>-js使用</p>\n<pre><code class=\"lang-javascript\">&lt;script type=\"text/javascript\"&gt;\n        $(function() {\n           var EditormdView;\n\n            EditormdView = editormd.markdownToHTML(\"editormd-view\", {\n                    htmlDecode      : \"style,script,iframe\",  // you can filter tags decode\n                    emoji           : true,\n                    taskList        : true,\n                    tex             : true,  // 默认不解析\n                    flowChart       : true,  // 默认不解析\n                    sequenceDiagram : true,  // 默认不解析\n                });\n        });\n    &lt;/script&gt;\n</code></pre>\n<ol>\n<li>到这里你就可以安心的使用markdown显示了，是不是很高大上。。哈哈</li></ol>\n', '2016-09-23 13:15:27');
INSERT INTO `blogs` VALUES ('49', 'editor.md的安装与使用', '34', '', '0', '<h3 id=\"h3-editor-md-\"><a name=\"editor.md的官网下载地址\" class=\"reference-link\"></a><span class=\"header-link octicon octicon-link\"></span><a href=\"http://pandao.github.io/editor.md/\" title=\"editor.md的官网\">editor.md的官网下载地址</a></h3><h4 id=\"h4--editor-md-\"><a name=\"有关editor.md的使用\" class=\"reference-link\"></a><span class=\"header-link octicon octicon-link\"></span>有关editor.md的使用</h4><ol>\n<li><p>后台编辑器引用Editor.Md的使用</p>\n<pre><code class=\"lang-html\">&lt;link rel=\"stylesheet\" href=\"/static/editor.md/css/editormd.css\"&gt;\n&lt;link type=\"text/css\" rel=\"stylesheet\" href=\"/static/editor.md/scss/editormd.codemirror.scss\"&gt;\n&lt;script src=\"/static/editor.md/editormd.min.js\"&gt;&lt;/script&gt;\n</code></pre>\n<pre><code class=\"lang-html\">&lt;div id=\"article-editormd\" class=\"editormd editormd-vertical editormd-theme-dark\"&gt;\n         &lt;/div&gt;\n</code></pre>\n<p> <script type=\"text/javascript\"></p></script>\n<pre><code> var mdEditor;\n\n $(function() {\n     mdEditor = editormd(\"article-editormd\", {\n         width: \"100%\",\n         height: 350,\n         path : \'/static/editor.md/lib/\',\n         theme : \"dark\",\n         previewTheme : \"dark\",\n         editorTheme : \"pastel-on-dark\",\n         //markdown : \'\',\n         codeFold : true,\n         //syncScrolling : false,\n         saveHTMLToTextarea : false,    // 保存 HTML 到 Textarea\n         searchReplace : true,\n         //watch : false,                // 关闭实时预览\n         htmlDecode : \"style,script,iframe|on*\",            // 开启 HTML 标签解析，为了安全性，默认不开启\n         //toolbar  : false,             //关闭工具栏\n         //previewCodeHighlight : false, // 关闭预览 HTML 的代码块高亮，默认开启\n         emoji : true,\n         taskList : true,\n         tocm          : true,         // Using [TOCM]\n         tex : true,                   // 开启科学公式TeX语言支持，默认关闭\n         flowChart : true,             // 开启流程图支持，默认关闭\n         sequenceDiagram : true,       // 开启时序/序列图支持，默认关闭,\n         //dialogLockScreen : false,   // 设置弹出层对话框不锁屏，全局通用，默认为true\n         //dialogShowMask : false,     // 设置弹出层对话框显示透明遮罩层，全局通用，默认为true\n         //dialogDraggable : false,    // 设置弹出层对话框不可拖动，全局通用，默认为true\n         //dialogMaskOpacity : 0.4,    // 设置透明遮罩层的透明度，全局通用，默认值为0.1\n         //dialogMaskBgColor : \"#000\", // 设置透明遮罩层的背景颜色，全局通用，默认为#fff\n         imageUpload : true,\n         imageFormats : [\"jpg\", \"jpeg\", \"gif\", \"png\", \"bmp\", \"webp\"],\n         imageUploadURL : \"/upload\",\n         onload : function() {\n             //this.setMarkdown(\"#PHP\");  //设置内容\n             this.resize(\"100%\", 450);\n         }\n     });\n });\n</code></pre></li><li><p>获取内容，保存至数据库<br><code>var content = mdEditor.getMarkdown();</code></p>\n</li><li><p>前台html显示</p>\n</li></ol>\n<ul>\n<li>js引用<pre><code class=\"lang-html\">  &lt;link rel=\"stylesheet\" href=\"/static/editor.md/css/editormd.preview.css\" /&gt;\n  &lt;link type=\"text/css\" rel=\"stylesheet\" href=\"/static/css/katex.min.css\" /&gt;\n  &lt;link rel=\"stylesheet\" href=\"/static/css/editor_md.css\" /&gt;\n  &lt;link type=\"text/css\" rel=\"stylesheet\" href=\"/static/editor.md/css/editormd.css\" /&gt;\n  &lt;link type=\"text/css\" rel=\"stylesheet\" href=\"/static/editor.md/lib/codemirror/codemirror.min.css\" /&gt;\n  &lt;script type=\"text/javascript\" src=\"/static/js/katex.min.js\"&gt;&lt;/script&gt;\n  &lt;script src=\"/static/editor.md/lib/codemirror/codemirror.min.js\"&gt;&lt;/script&gt;\n  &lt;script src=\"/static/editor.md/lib/codemirror/codemirror.min.js\"&gt;&lt;/script&gt;\n  &lt;script src=\"/static/editor.md/lib/marked.min.js\"&gt;&lt;/script&gt;\n  &lt;script src=\"/static/editor.md/lib/prettify.min.js\"&gt;&lt;/script&gt;\n  &lt;script src=\"/static/editor.md/lib/raphael.min.js\"&gt;&lt;/script&gt;\n  &lt;script src=\"/static/editor.md/lib/underscore.min.js\"&gt;&lt;/script&gt;\n  &lt;script src=\"/static/editor.md/lib/sequence-diagram.min.js\"&gt;&lt;/script&gt;\n  &lt;script src=\"/static/editor.md/lib/flowchart.min.js\"&gt;&lt;/script&gt;\n  &lt;script src=\"/static/editor.md/lib/jquery.flowchart.min.js\"&gt;&lt;/script&gt;\n  &lt;script src=\"/static/editor.md/editormd.js\"&gt;&lt;/script&gt;\n</code></pre>\n</li><li>html代码<pre><code class=\"lang-html\">&lt;div id=\"editormd-view\" class=\"view-content\"&gt;\n   &lt;textarea id=\"append-view\" style=\"display:none;\"&gt;{{ blog.content }}&lt;/textarea&gt;\n&lt;/div&gt;\n</code></pre>\n</li></ul>\n<blockquote>\n<p>注意：这里有个坑，不能在textarea里面添加空格啥的，会显示不正常，我就是当时里面有空格，因为空格也会当作markdown的语来解析，所以导致显示不正常，找了两天才偶然发现这里有问题</p>\n</blockquote>\n<ul>\n<li>js使用</li></ul>\n<pre><code class=\"lang-javascript\">&lt;script type=\"text/javascript\"&gt;\n        $(function() {\n           var EditormdView;\n\n            EditormdView = editormd.markdownToHTML(\"editormd-view\", {\n                    htmlDecode      : \"style,script,iframe\",  // you can filter tags decode\n                    emoji           : true,\n                    taskList        : true,\n                    tex             : true,  // 默认不解析\n                    flowChart       : true,  // 默认不解析\n                    sequenceDiagram : true,  // 默认不解析\n                });\n        });\n    &lt;/script&gt;\n</code></pre>\n<ol>\n<li>到这里你就可以安心的使用markdown显示了，是不是很高打上。。哈哈、、</li></ol>\n', '2016-09-23 13:33:34');
INSERT INTO `blogs` VALUES ('50', '测试编辑器1', '34', '', '2', '<h3 id=\"h3-editor-md-\"><a name=\"editor.md的官网下载地址\" class=\"reference-link\"></a><span class=\"header-link octicon octicon-link\"></span><a href=\"http://pandao.github.io/editor.md/\" title=\"editor.md的官网\">editor.md的官网下载地址</a></h3><h4 id=\"h4--editor-md-\"><a name=\"有关editor.md的使用\" class=\"reference-link\"></a><span class=\"header-link octicon octicon-link\"></span>有关editor.md的使用</h4><ol>\n<li><p>后台编辑器引用Editor.Md的使用</p>\n<pre><code class=\"lang-html\">&lt;link rel=\"stylesheet\" href=\"/static/editor.md/css/editormd.css\"&gt;\n&lt;link type=\"text/css\" rel=\"stylesheet\" href=\"/static/editor.md/scss/editormd.codemirror.scss\"&gt;\n&lt;script src=\"/static/editor.md/editormd.min.js\"&gt;&lt;/script&gt;\n</code></pre>\n<pre><code class=\"lang-html\">&lt;div id=\"article-editormd\" class=\"editormd editormd-vertical editormd-theme-dark\"&gt;\n         &lt;/div&gt;\n</code></pre>\n<p> <script type=\"text/javascript\"></p></script>\n</p><pre><code> var mdEditor;\n\n $(function() {\n     mdEditor = editormd(\"article-editormd\", {\n         width: \"100%\",\n         height: 350,\n         path : \'/static/editor.md/lib/\',\n         theme : \"dark\",\n         previewTheme : \"dark\",\n         editorTheme : \"pastel-on-dark\",\n         //markdown : \'\',\n         codeFold : true,\n         //syncScrolling : false,\n         saveHTMLToTextarea : false,    // 保存 HTML 到 Textarea\n         searchReplace : true,\n         //watch : false,                // 关闭实时预览\n         htmlDecode : \"style,script,iframe|on*\",            // 开启 HTML 标签解析，为了安全性，默认不开启\n         //toolbar  : false,             //关闭工具栏\n         //previewCodeHighlight : false, // 关闭预览 HTML 的代码块高亮，默认开启\n         emoji : true,\n         taskList : true,\n         tocm          : true,         // Using [TOCM]\n         tex : true,                   // 开启科学公式TeX语言支持，默认关闭\n         flowChart : true,             // 开启流程图支持，默认关闭\n         sequenceDiagram : true,       // 开启时序/序列图支持，默认关闭,\n         //dialogLockScreen : false,   // 设置弹出层对话框不锁屏，全局通用，默认为true\n         //dialogShowMask : false,     // 设置弹出层对话框显示透明遮罩层，全局通用，默认为true\n         //dialogDraggable : false,    // 设置弹出层对话框不可拖动，全局通用，默认为true\n         //dialogMaskOpacity : 0.4,    // 设置透明遮罩层的透明度，全局通用，默认值为0.1\n         //dialogMaskBgColor : \"#000\", // 设置透明遮罩层的背景颜色，全局通用，默认为#fff\n         imageUpload : true,\n         imageFormats : [\"jpg\", \"jpeg\", \"gif\", \"png\", \"bmp\", \"webp\"],\n         imageUploadURL : \"/upload\",\n         onload : function() {\n             //this.setMarkdown(\"#PHP\");  //设置内容\n             this.resize(\"100%\", 450);\n         }\n     });\n });\n</code></pre></li><li><p>获取内容，保存至数据库<br><code>var content = mdEditor.getMarkdown();</code></p>\n</li><li><p>前台html显示</p>\n</li></ol>\n<ul>\n<li>js引用<pre><code class=\"lang-html\">  &lt;link rel=\"stylesheet\" href=\"/static/editor.md/css/editormd.preview.css\" /&gt;\n  &lt;link type=\"text/css\" rel=\"stylesheet\" href=\"/static/css/katex.min.css\" /&gt;\n  &lt;link rel=\"stylesheet\" href=\"/static/css/editor_md.css\" /&gt;\n  &lt;link type=\"text/css\" rel=\"stylesheet\" href=\"/static/editor.md/css/editormd.css\" /&gt;\n  &lt;link type=\"text/css\" rel=\"stylesheet\" href=\"/static/editor.md/lib/codemirror/codemirror.min.css\" /&gt;\n  &lt;script type=\"text/javascript\" src=\"/static/js/katex.min.js\"&gt;&lt;/script&gt;\n  &lt;script src=\"/static/editor.md/lib/codemirror/codemirror.min.js\"&gt;&lt;/script&gt;\n  &lt;script src=\"/static/editor.md/lib/codemirror/codemirror.min.js\"&gt;&lt;/script&gt;\n  &lt;script src=\"/static/editor.md/lib/marked.min.js\"&gt;&lt;/script&gt;\n  &lt;script src=\"/static/editor.md/lib/prettify.min.js\"&gt;&lt;/script&gt;\n  &lt;script src=\"/static/editor.md/lib/raphael.min.js\"&gt;&lt;/script&gt;\n  &lt;script src=\"/static/editor.md/lib/underscore.min.js\"&gt;&lt;/script&gt;\n  &lt;script src=\"/static/editor.md/lib/sequence-diagram.min.js\"&gt;&lt;/script&gt;\n  &lt;script src=\"/static/editor.md/lib/flowchart.min.js\"&gt;&lt;/script&gt;\n  &lt;script src=\"/static/editor.md/lib/jquery.flowchart.min.js\"&gt;&lt;/script&gt;\n  &lt;script src=\"/static/editor.md/editormd.js\"&gt;&lt;/script&gt;\n</code></pre>\n-html代码<pre><code class=\"lang-html\">&lt;div id=\"editormd-view\" class=\"view-content\"&gt;\n   &lt;textarea id=\"append-view\" style=\"display:none;\"&gt;{{ blog.content }}&lt;/textarea&gt;\n&lt;/div&gt;\n</code></pre>\n<blockquote>\n<p>注意：这里有个坑，不能在textarea里面添加空格啥的，会显示不正常，我就是当时里面有空格，因为空格也会当作markdown的语来解析，所以导致显示不正常，找了两天才偶然发现这里有问题</p>\n</blockquote>\n</li></ul>\n<p>-js使用</p>\n<pre><code class=\"lang-javascript\">&lt;script type=\"text/javascript\"&gt;\n        $(function() {\n           var EditormdView;\n\n            EditormdView = editormd.markdownToHTML(\"editormd-view\", {\n                    htmlDecode      : \"style,script,iframe\",  // you can filter tags decode\n                    emoji           : true,\n                    taskList        : true,\n                    tex             : true,  // 默认不解析\n                    flowChart       : true,  // 默认不解析\n                    sequenceDiagram : true,  // 默认不解析\n                });\n        });\n    &lt;/script&gt;\n</code></pre>\n<ol>\n<li>到这里你就可以安心的使用markdown显示了，是不是很高打上。。哈哈、、</li></ol>\n', '2016-09-23 13:37:21');
INSERT INTO `blogs` VALUES ('51', 'ceshi', '34', '', '0', '<h3 id=\"h3-editor-md-\"><a name=\"editor.md的官网下载地址\" class=\"reference-link\"></a><span class=\"header-link octicon octicon-link\"></span><a href=\"http://pandao.github.io/editor.md/\" title=\"editor.md的官网\">editor.md的官网下载地址</a></h3><h4 id=\"h4--editor-md-\"><a name=\"有关editor.md的使用\" class=\"reference-link\"></a><span class=\"header-link octicon octicon-link\"></span>有关editor.md的使用</h4><ol>\n<li><p>后台编辑器引用Editor.Md的使用</p>\n<pre class=\"prettyprint linenums prettyprinted\"><ol class=\"linenums\"><li class=\"L0\"><code class=\"lang-html\"><span class=\"tag\">&lt;link</span><span class=\"pln\"> </span><span class=\"atn\">rel</span><span class=\"pun\">=</span><span class=\"atv\">\"stylesheet\"</span><span class=\"pln\"> </span><span class=\"atn\">href</span><span class=\"pun\">=</span><span class=\"atv\">\"/static/editor.md/css/editormd.css\"</span><span class=\"tag\">&gt;</span></code></li><li class=\"L1\"><code class=\"lang-html\"><span class=\"tag\">&lt;link</span><span class=\"pln\"> </span><span class=\"atn\">type</span><span class=\"pun\">=</span><span class=\"atv\">\"text/css\"</span><span class=\"pln\"> </span><span class=\"atn\">rel</span><span class=\"pun\">=</span><span class=\"atv\">\"stylesheet\"</span><span class=\"pln\"> </span><span class=\"atn\">href</span><span class=\"pun\">=</span><span class=\"atv\">\"/static/editor.md/scss/editormd.codemirror.scss\"</span><span class=\"tag\">&gt;</span></code></li><li class=\"L2\"><code class=\"lang-html\"><span class=\"tag\">&lt;script</span><span class=\"pln\"> </span><span class=\"atn\">src</span><span class=\"pun\">=</span><span class=\"atv\">\"/static/editor.md/editormd.min.js\"</span><span class=\"tag\">&gt;&lt;/script&gt;</span></code></li></ol></pre>\n<pre class=\"prettyprint linenums prettyprinted\"><ol class=\"linenums\"><li class=\"L0\"><code class=\"lang-html\"><span class=\"tag\">&lt;div</span><span class=\"pln\"> </span><span class=\"atn\">id</span><span class=\"pun\">=</span><span class=\"atv\">\"article-editormd\"</span><span class=\"pln\"> </span><span class=\"atn\">class</span><span class=\"pun\">=</span><span class=\"atv\">\"editormd editormd-vertical editormd-theme-dark\"</span><span class=\"tag\">&gt;</span></code></li><li class=\"L1\"><code class=\"lang-html\"><span class=\"pln\">         </span><span class=\"tag\">&lt;/div&gt;</span></code></li></ol></pre>\n<pre class=\"prettyprint linenums prettyprinted\"><ol class=\"linenums\"><li class=\"L0\"><code class=\"lang-javascript\"><span class=\"pun\">&lt;</span><span class=\"pln\">script type</span><span class=\"pun\">=</span><span class=\"str\">\"text/javascript\"</span><span class=\"pun\">&gt;</span></code></li><li class=\"L1\"><code class=\"lang-javascript\"><span class=\"pln\">     </span><span class=\"kwd\">var</span><span class=\"pln\"> mdEditor</span><span class=\"pun\">;</span></code></li><li class=\"L2\"><code class=\"lang-javascript\"><span class=\"pln\">     $</span><span class=\"pun\">(</span><span class=\"kwd\">function</span><span class=\"pun\">()</span><span class=\"pln\"> </span><span class=\"pun\">{</span></code></li><li class=\"L3\"><code class=\"lang-javascript\"><span class=\"pln\">         mdEditor </span><span class=\"pun\">=</span><span class=\"pln\"> editormd</span><span class=\"pun\">(</span><span class=\"str\">\"article-editormd\"</span><span class=\"pun\">,</span><span class=\"pln\"> </span><span class=\"pun\">{</span></code></li><li class=\"L4\"><code class=\"lang-javascript\"><span class=\"pln\">             width</span><span class=\"pun\">:</span><span class=\"pln\"> </span><span class=\"str\">\"100%\"</span><span class=\"pun\">,</span></code></li><li class=\"L5\"><code class=\"lang-javascript\"><span class=\"pln\">             height</span><span class=\"pun\">:</span><span class=\"pln\"> </span><span class=\"lit\">350</span><span class=\"pun\">,</span></code></li><li class=\"L6\"><code class=\"lang-javascript\"><span class=\"pln\">             path </span><span class=\"pun\">:</span><span class=\"pln\"> </span><span class=\"str\">\'/static/editor.md/lib/\'</span><span class=\"pun\">,</span></code></li><li class=\"L7\"><code class=\"lang-javascript\"><span class=\"pln\">             theme </span><span class=\"pun\">:</span><span class=\"pln\"> </span><span class=\"str\">\"dark\"</span><span class=\"pun\">,</span></code></li><li class=\"L8\"><code class=\"lang-javascript\"><span class=\"pln\">             previewTheme </span><span class=\"pun\">:</span><span class=\"pln\"> </span><span class=\"str\">\"dark\"</span><span class=\"pun\">,</span></code></li><li class=\"L9\"><code class=\"lang-javascript\"><span class=\"pln\">             editorTheme </span><span class=\"pun\">:</span><span class=\"pln\"> </span><span class=\"str\">\"pastel-on-dark\"</span><span class=\"pun\">,</span></code></li><li class=\"L0\"><code class=\"lang-javascript\"><span class=\"pln\">             </span><span class=\"com\">//markdown : \'\',</span></code></li><li class=\"L1\"><code class=\"lang-javascript\"><span class=\"pln\">             codeFold </span><span class=\"pun\">:</span><span class=\"pln\"> </span><span class=\"kwd\">true</span><span class=\"pun\">,</span></code></li><li class=\"L2\"><code class=\"lang-javascript\"><span class=\"pln\">             </span><span class=\"com\">//syncScrolling : false,</span></code></li><li class=\"L3\"><code class=\"lang-javascript\"><span class=\"pln\">             saveHTMLToTextarea </span><span class=\"pun\">:</span><span class=\"pln\"> </span><span class=\"kwd\">false</span><span class=\"pun\">,</span><span class=\"pln\">    </span><span class=\"com\">// 保存 HTML 到 Textarea</span></code></li><li class=\"L4\"><code class=\"lang-javascript\"><span class=\"pln\">             searchReplace </span><span class=\"pun\">:</span><span class=\"pln\"> </span><span class=\"kwd\">true</span><span class=\"pun\">,</span></code></li><li class=\"L5\"><code class=\"lang-javascript\"><span class=\"pln\">             </span><span class=\"com\">//watch : false,                // 关闭实时预览</span></code></li><li class=\"L6\"><code class=\"lang-javascript\"><span class=\"pln\">             htmlDecode </span><span class=\"pun\">:</span><span class=\"pln\"> </span><span class=\"str\">\"style,script,iframe|on*\"</span><span class=\"pun\">,</span><span class=\"pln\">            </span><span class=\"com\">// 开启 HTML 标签解析，为了安全性，默认不开启</span></code></li><li class=\"L7\"><code class=\"lang-javascript\"><span class=\"pln\">             </span><span class=\"com\">//toolbar  : false,             //关闭工具栏</span></code></li><li class=\"L8\"><code class=\"lang-javascript\"><span class=\"pln\">             </span><span class=\"com\">//previewCodeHighlight : false, // 关闭预览 HTML 的代码块高亮，默认开启</span></code></li><li class=\"L9\"><code class=\"lang-javascript\"><span class=\"pln\">             emoji </span><span class=\"pun\">:</span><span class=\"pln\"> </span><span class=\"kwd\">true</span><span class=\"pun\">,</span></code></li><li class=\"L0\"><code class=\"lang-javascript\"><span class=\"pln\">             taskList </span><span class=\"pun\">:</span><span class=\"pln\"> </span><span class=\"kwd\">true</span><span class=\"pun\">,</span></code></li><li class=\"L1\"><code class=\"lang-javascript\"><span class=\"pln\">             tocm          </span><span class=\"pun\">:</span><span class=\"pln\"> </span><span class=\"kwd\">true</span><span class=\"pun\">,</span><span class=\"pln\">         </span><span class=\"com\">// Using [TOCM]</span></code></li><li class=\"L2\"><code class=\"lang-javascript\"><span class=\"pln\">             tex </span><span class=\"pun\">:</span><span class=\"pln\"> </span><span class=\"kwd\">true</span><span class=\"pun\">,</span><span class=\"pln\">                   </span><span class=\"com\">// 开启科学公式TeX语言支持，默认关闭</span></code></li><li class=\"L3\"><code class=\"lang-javascript\"><span class=\"pln\">             flowChart </span><span class=\"pun\">:</span><span class=\"pln\"> </span><span class=\"kwd\">true</span><span class=\"pun\">,</span><span class=\"pln\">             </span><span class=\"com\">// 开启流程图支持，默认关闭</span></code></li><li class=\"L4\"><code class=\"lang-javascript\"><span class=\"pln\">             sequenceDiagram </span><span class=\"pun\">:</span><span class=\"pln\"> </span><span class=\"kwd\">true</span><span class=\"pun\">,</span><span class=\"pln\">       </span><span class=\"com\">// 开启时序/序列图支持，默认关闭,</span></code></li><li class=\"L5\"><code class=\"lang-javascript\"><span class=\"pln\">             </span><span class=\"com\">//dialogLockScreen : false,   // 设置弹出层对话框不锁屏，全局通用，默认为true</span></code></li><li class=\"L6\"><code class=\"lang-javascript\"><span class=\"pln\">             </span><span class=\"com\">//dialogShowMask : false,     // 设置弹出层对话框显示透明遮罩层，全局通用，默认为true</span></code></li><li class=\"L7\"><code class=\"lang-javascript\"><span class=\"pln\">             </span><span class=\"com\">//dialogDraggable : false,    // 设置弹出层对话框不可拖动，全局通用，默认为true</span></code></li><li class=\"L8\"><code class=\"lang-javascript\"><span class=\"pln\">             </span><span class=\"com\">//dialogMaskOpacity : 0.4,    // 设置透明遮罩层的透明度，全局通用，默认值为0.1</span></code></li><li class=\"L9\"><code class=\"lang-javascript\"><span class=\"pln\">             </span><span class=\"com\">//dialogMaskBgColor : \"#000\", // 设置透明遮罩层的背景颜色，全局通用，默认为#fff</span></code></li><li class=\"L0\"><code class=\"lang-javascript\"><span class=\"pln\">             imageUpload </span><span class=\"pun\">:</span><span class=\"pln\"> </span><span class=\"kwd\">true</span><span class=\"pun\">,</span></code></li><li class=\"L1\"><code class=\"lang-javascript\"><span class=\"pln\">             imageFormats </span><span class=\"pun\">:</span><span class=\"pln\"> </span><span class=\"pun\">[</span><span class=\"str\">\"jpg\"</span><span class=\"pun\">,</span><span class=\"pln\"> </span><span class=\"str\">\"jpeg\"</span><span class=\"pun\">,</span><span class=\"pln\"> </span><span class=\"str\">\"gif\"</span><span class=\"pun\">,</span><span class=\"pln\"> </span><span class=\"str\">\"png\"</span><span class=\"pun\">,</span><span class=\"pln\"> </span><span class=\"str\">\"bmp\"</span><span class=\"pun\">,</span><span class=\"pln\"> </span><span class=\"str\">\"webp\"</span><span class=\"pun\">],</span></code></li><li class=\"L2\"><code class=\"lang-javascript\"><span class=\"pln\">             imageUploadURL </span><span class=\"pun\">:</span><span class=\"pln\"> </span><span class=\"str\">\"/upload\"</span><span class=\"pun\">,</span></code></li><li class=\"L3\"><code class=\"lang-javascript\"><span class=\"pln\">             onload </span><span class=\"pun\">:</span><span class=\"pln\"> </span><span class=\"kwd\">function</span><span class=\"pun\">()</span><span class=\"pln\"> </span><span class=\"pun\">{</span></code></li><li class=\"L4\"><code class=\"lang-javascript\"><span class=\"pln\">                 </span><span class=\"com\">//this.setMarkdown(\"#PHP\");  //设置内容</span></code></li><li class=\"L5\"><code class=\"lang-javascript\"><span class=\"pln\">                 </span><span class=\"kwd\">this</span><span class=\"pun\">.</span><span class=\"pln\">resize</span><span class=\"pun\">(</span><span class=\"str\">\"100%\"</span><span class=\"pun\">,</span><span class=\"pln\"> </span><span class=\"lit\">450</span><span class=\"pun\">);</span></code></li><li class=\"L6\"><code class=\"lang-javascript\"><span class=\"pln\">             </span><span class=\"pun\">}</span></code></li><li class=\"L7\"><code class=\"lang-javascript\"><span class=\"pln\">         </span><span class=\"pun\">});</span></code></li><li class=\"L8\"><code class=\"lang-javascript\"><span class=\"pln\">     </span><span class=\"pun\">});</span></code></li></ol></pre>\n</li><li><p>获取内容，保存至数据库</p>\n<pre class=\"prettyprint linenums prettyprinted\"><ol class=\"linenums\"><li class=\"L0\"><code class=\"lang-javascript\"><span class=\"kwd\">var</span><span class=\"pln\"> content </span><span class=\"pun\">=</span><span class=\"pln\"> mdEditor</span><span class=\"pun\">.</span><span class=\"pln\">getMarkdown</span><span class=\"pun\">();</span></code></li></ol></pre>\n</li><li><p>前台html显示</p>\n</li></ol>\n<ul>\n<li><p>js引用</p>\n<pre class=\"prettyprint linenums prettyprinted\"><ol class=\"linenums\"><li class=\"L0\"><code class=\"lang-html\"><span class=\"pln\">  </span><span class=\"tag\">&lt;link</span><span class=\"pln\"> </span><span class=\"atn\">rel</span><span class=\"pun\">=</span><span class=\"atv\">\"stylesheet\"</span><span class=\"pln\"> </span><span class=\"atn\">href</span><span class=\"pun\">=</span><span class=\"atv\">\"/static/editor.md/css/editormd.preview.css\"</span><span class=\"pln\"> </span><span class=\"tag\">/&gt;</span></code></li><li class=\"L1\"><code class=\"lang-html\"><span class=\"pln\">  </span><span class=\"tag\">&lt;link</span><span class=\"pln\"> </span><span class=\"atn\">type</span><span class=\"pun\">=</span><span class=\"atv\">\"text/css\"</span><span class=\"pln\"> </span><span class=\"atn\">rel</span><span class=\"pun\">=</span><span class=\"atv\">\"stylesheet\"</span><span class=\"pln\"> </span><span class=\"atn\">href</span><span class=\"pun\">=</span><span class=\"atv\">\"/static/css/katex.min.css\"</span><span class=\"pln\"> </span><span class=\"tag\">/&gt;</span></code></li><li class=\"L2\"><code class=\"lang-html\"><span class=\"pln\">  </span><span class=\"tag\">&lt;link</span><span class=\"pln\"> </span><span class=\"atn\">rel</span><span class=\"pun\">=</span><span class=\"atv\">\"stylesheet\"</span><span class=\"pln\"> </span><span class=\"atn\">href</span><span class=\"pun\">=</span><span class=\"atv\">\"/static/css/editor_md.css\"</span><span class=\"pln\"> </span><span class=\"tag\">/&gt;</span></code></li><li class=\"L3\"><code class=\"lang-html\"><span class=\"pln\">  </span><span class=\"tag\">&lt;link</span><span class=\"pln\"> </span><span class=\"atn\">type</span><span class=\"pun\">=</span><span class=\"atv\">\"text/css\"</span><span class=\"pln\"> </span><span class=\"atn\">rel</span><span class=\"pun\">=</span><span class=\"atv\">\"stylesheet\"</span><span class=\"pln\"> </span><span class=\"atn\">href</span><span class=\"pun\">=</span><span class=\"atv\">\"/static/editor.md/css/editormd.css\"</span><span class=\"pln\"> </span><span class=\"tag\">/&gt;</span></code></li><li class=\"L4\"><code class=\"lang-html\"><span class=\"pln\">  </span><span class=\"tag\">&lt;link</span><span class=\"pln\"> </span><span class=\"atn\">type</span><span class=\"pun\">=</span><span class=\"atv\">\"text/css\"</span><span class=\"pln\"> </span><span class=\"atn\">rel</span><span class=\"pun\">=</span><span class=\"atv\">\"stylesheet\"</span><span class=\"pln\"> </span><span class=\"atn\">href</span><span class=\"pun\">=</span><span class=\"atv\">\"/static/editor.md/lib/codemirror/codemirror.min.css\"</span><span class=\"pln\"> </span><span class=\"tag\">/&gt;</span></code></li><li class=\"L5\"><code class=\"lang-html\"><span class=\"pln\">  </span><span class=\"tag\">&lt;script</span><span class=\"pln\"> </span><span class=\"atn\">type</span><span class=\"pun\">=</span><span class=\"atv\">\"text/javascript\"</span><span class=\"pln\"> </span><span class=\"atn\">src</span><span class=\"pun\">=</span><span class=\"atv\">\"/static/js/katex.min.js\"</span><span class=\"tag\">&gt;&lt;/script&gt;</span></code></li><li class=\"L6\"><code class=\"lang-html\"><span class=\"pln\">  </span><span class=\"tag\">&lt;script</span><span class=\"pln\"> </span><span class=\"atn\">src</span><span class=\"pun\">=</span><span class=\"atv\">\"/static/editor.md/lib/codemirror/codemirror.min.js\"</span><span class=\"tag\">&gt;&lt;/script&gt;</span></code></li><li class=\"L7\"><code class=\"lang-html\"><span class=\"pln\">  </span><span class=\"tag\">&lt;script</span><span class=\"pln\"> </span><span class=\"atn\">src</span><span class=\"pun\">=</span><span class=\"atv\">\"/static/editor.md/lib/codemirror/codemirror.min.js\"</span><span class=\"tag\">&gt;&lt;/script&gt;</span></code></li><li class=\"L8\"><code class=\"lang-html\"><span class=\"pln\">  </span><span class=\"tag\">&lt;script</span><span class=\"pln\"> </span><span class=\"atn\">src</span><span class=\"pun\">=</span><span class=\"atv\">\"/static/editor.md/lib/marked.min.js\"</span><span class=\"tag\">&gt;&lt;/script&gt;</span></code></li><li class=\"L9\"><code class=\"lang-html\"><span class=\"pln\">  </span><span class=\"tag\">&lt;script</span><span class=\"pln\"> </span><span class=\"atn\">src</span><span class=\"pun\">=</span><span class=\"atv\">\"/static/editor.md/lib/prettify.min.js\"</span><span class=\"tag\">&gt;&lt;/script&gt;</span></code></li><li class=\"L0\"><code class=\"lang-html\"><span class=\"pln\">  </span><span class=\"tag\">&lt;script</span><span class=\"pln\"> </span><span class=\"atn\">src</span><span class=\"pun\">=</span><span class=\"atv\">\"/static/editor.md/lib/raphael.min.js\"</span><span class=\"tag\">&gt;&lt;/script&gt;</span></code></li><li class=\"L1\"><code class=\"lang-html\"><span class=\"pln\">  </span><span class=\"tag\">&lt;script</span><span class=\"pln\"> </span><span class=\"atn\">src</span><span class=\"pun\">=</span><span class=\"atv\">\"/static/editor.md/lib/underscore.min.js\"</span><span class=\"tag\">&gt;&lt;/script&gt;</span></code></li><li class=\"L2\"><code class=\"lang-html\"><span class=\"pln\">  </span><span class=\"tag\">&lt;script</span><span class=\"pln\"> </span><span class=\"atn\">src</span><span class=\"pun\">=</span><span class=\"atv\">\"/static/editor.md/lib/sequence-diagram.min.js\"</span><span class=\"tag\">&gt;&lt;/script&gt;</span></code></li><li class=\"L3\"><code class=\"lang-html\"><span class=\"pln\">  </span><span class=\"tag\">&lt;script</span><span class=\"pln\"> </span><span class=\"atn\">src</span><span class=\"pun\">=</span><span class=\"atv\">\"/static/editor.md/lib/flowchart.min.js\"</span><span class=\"tag\">&gt;&lt;/script&gt;</span></code></li><li class=\"L4\"><code class=\"lang-html\"><span class=\"pln\">  </span><span class=\"tag\">&lt;script</span><span class=\"pln\"> </span><span class=\"atn\">src</span><span class=\"pun\">=</span><span class=\"atv\">\"/static/editor.md/lib/jquery.flowchart.min.js\"</span><span class=\"tag\">&gt;&lt;/script&gt;</span></code></li><li class=\"L5\"><code class=\"lang-html\"><span class=\"pln\">  </span><span class=\"tag\">&lt;script</span><span class=\"pln\"> </span><span class=\"atn\">src</span><span class=\"pun\">=</span><span class=\"atv\">\"/static/editor.md/editormd.js\"</span><span class=\"tag\">&gt;&lt;/script&gt;</span></code></li></ol></pre>\n</li><li><p>html代码</p>\n<pre class=\"prettyprint linenums prettyprinted\"><ol class=\"linenums\"><li class=\"L0\"><code class=\"lang-html\"><span class=\"tag\">&lt;div</span><span class=\"pln\"> </span><span class=\"atn\">id</span><span class=\"pun\">=</span><span class=\"atv\">\"editormd-view\"</span><span class=\"pln\"> </span><span class=\"atn\">class</span><span class=\"pun\">=</span><span class=\"atv\">\"view-content\"</span><span class=\"tag\">&gt;</span></code></li><li class=\"L1\"><code class=\"lang-html\"><span class=\"pln\">   </span><span class=\"tag\">&lt;textarea</span><span class=\"pln\"> </span><span class=\"atn\">id</span><span class=\"pun\">=</span><span class=\"atv\">\"append-view\"</span><span class=\"pln\"> </span><span class=\"atn\">style</span><span class=\"pun\">=</span><span class=\"atv\">\"</span><span class=\"pln\">display</span><span class=\"pun\">:</span><span class=\"pln\">none</span><span class=\"pun\">;</span><span class=\"atv\">\"</span><span class=\"tag\">&gt;</span><span class=\"pln\">{{ blog.content }}</span><span class=\"tag\">&lt;/textarea&gt;</span></code></li><li class=\"L2\"><code class=\"lang-html\"><span class=\"tag\">&lt;/div&gt;</span></code></li></ol></pre>\n<blockquote>\n<p>注意：这里有个坑，不能在textarea里面添加空格啥的，会显示不正常，我就是当时里面有空格，因为空格也会当作markdown的语来解析，所以导致显示不正常，找了两天才偶然发现这里有问题</p>\n</blockquote>\n</li><li><p>js使用</p>\n<pre class=\"prettyprint linenums prettyprinted\"><ol class=\"linenums\"><li class=\"L0\"><code class=\"lang-javascript\"><span class=\"pun\">&lt;</span><span class=\"pln\">script type</span><span class=\"pun\">=</span><span class=\"str\">\"text/javascript\"</span><span class=\"pun\">&gt;</span></code></li><li class=\"L1\"><code class=\"lang-javascript\"><span class=\"pln\">      $</span><span class=\"pun\">(</span><span class=\"kwd\">function</span><span class=\"pun\">()</span><span class=\"pln\"> </span><span class=\"pun\">{</span></code></li><li class=\"L2\"><code class=\"lang-javascript\"><span class=\"pln\">         </span><span class=\"kwd\">var</span><span class=\"pln\"> </span><span class=\"typ\">EditormdView</span><span class=\"pun\">;</span></code></li><li class=\"L3\"><code class=\"lang-javascript\"></code></li><li class=\"L4\"><code class=\"lang-javascript\"><span class=\"pln\">          </span><span class=\"typ\">EditormdView</span><span class=\"pln\"> </span><span class=\"pun\">=</span><span class=\"pln\"> editormd</span><span class=\"pun\">.</span><span class=\"pln\">markdownToHTML</span><span class=\"pun\">(</span><span class=\"str\">\"editormd-view\"</span><span class=\"pun\">,</span><span class=\"pln\"> </span><span class=\"pun\">{</span></code></li><li class=\"L5\"><code class=\"lang-javascript\"><span class=\"pln\">                  htmlDecode      </span><span class=\"pun\">:</span><span class=\"pln\"> </span><span class=\"str\">\"style,script,iframe\"</span><span class=\"pun\">,</span><span class=\"pln\">  </span><span class=\"com\">// you can filter tags decode</span></code></li><li class=\"L6\"><code class=\"lang-javascript\"><span class=\"pln\">                  emoji           </span><span class=\"pun\">:</span><span class=\"pln\"> </span><span class=\"kwd\">true</span><span class=\"pun\">,</span></code></li><li class=\"L7\"><code class=\"lang-javascript\"><span class=\"pln\">                  taskList        </span><span class=\"pun\">:</span><span class=\"pln\"> </span><span class=\"kwd\">true</span><span class=\"pun\">,</span></code></li><li class=\"L8\"><code class=\"lang-javascript\"><span class=\"pln\">                  tex             </span><span class=\"pun\">:</span><span class=\"pln\"> </span><span class=\"kwd\">true</span><span class=\"pun\">,</span><span class=\"pln\">  </span><span class=\"com\">// 默认不解析</span></code></li><li class=\"L9\"><code class=\"lang-javascript\"><span class=\"pln\">                  flowChart       </span><span class=\"pun\">:</span><span class=\"pln\"> </span><span class=\"kwd\">true</span><span class=\"pun\">,</span><span class=\"pln\">  </span><span class=\"com\">// 默认不解析</span></code></li><li class=\"L0\"><code class=\"lang-javascript\"><span class=\"pln\">                  sequenceDiagram </span><span class=\"pun\">:</span><span class=\"pln\"> </span><span class=\"kwd\">true</span><span class=\"pun\">,</span><span class=\"pln\">  </span><span class=\"com\">// 默认不解析</span></code></li><li class=\"L1\"><code class=\"lang-javascript\"><span class=\"pln\">              </span><span class=\"pun\">});</span></code></li><li class=\"L2\"><code class=\"lang-javascript\"><span class=\"pln\">      </span><span class=\"pun\">});</span></code></li><li class=\"L3\"><code class=\"lang-javascript\"><span class=\"pln\">      </span><span class=\"pun\">&lt;/</span><span class=\"pln\">script</span><span class=\"pun\">&gt;</span></code></li></ol></pre>\n</li></ul>\n<ol>\n<li>到这里你就可以安心的使用markdown显示了，是不是很高打上。。哈哈、、</li></ol>\n', '2016-09-23 13:50:39');
INSERT INTO `blogs` VALUES ('52', 'ceshi3', '34', '', '1', '<h3 id=\"h3-editor-md-\"><a name=\"editor.md的官网下载地址\" class=\"reference-link\"></a><span class=\"header-link octicon octicon-link\"></span><a href=\"http://pandao.github.io/editor.md/\" title=\"editor.md的官网\">editor.md的官网下载地址</a></h3><h4 id=\"h4--editor-md-\"><a name=\"有关editor.md的使用\" class=\"reference-link\"></a><span class=\"header-link octicon octicon-link\"></span>有关editor.md的使用</h4><ol>\n<li><p>后台编辑器引用Editor.Md的使用</p>\n<pre class=\"prettyprint linenums prettyprinted\"><ol class=\"linenums\"><li class=\"L0\"><code><span class=\"tag\">&lt;link</span><span class=\"pln\"> </span><span class=\"atn\">rel</span><span class=\"pun\">=</span><span class=\"atv\">\"stylesheet\"</span><span class=\"pln\"> </span><span class=\"atn\">href</span><span class=\"pun\">=</span><span class=\"atv\">\"/static/editor.md/css/editormd.css\"</span><span class=\"tag\">&gt;</span></code></li><li class=\"L1\"><code><span class=\"tag\">&lt;link</span><span class=\"pln\"> </span><span class=\"atn\">type</span><span class=\"pun\">=</span><span class=\"atv\">\"text/css\"</span><span class=\"pln\"> </span><span class=\"atn\">rel</span><span class=\"pun\">=</span><span class=\"atv\">\"stylesheet\"</span><span class=\"pln\"> </span><span class=\"atn\">href</span><span class=\"pun\">=</span><span class=\"atv\">\"/static/editor.md/scss/editormd.codemirror.scss\"</span><span class=\"tag\">&gt;</span></code></li><li class=\"L2\"><code><span class=\"tag\">&lt;script</span><span class=\"pln\"> </span><span class=\"atn\">src</span><span class=\"pun\">=</span><span class=\"atv\">\"/static/editor.md/editormd.min.js\"</span><span class=\"tag\">&gt;&lt;/script&gt;</span></code></li></ol></pre><pre class=\"prettyprint linenums prettyprinted\"><ol class=\"linenums\"><li class=\"L0\"><code><span class=\"tag\">&lt;div</span><span class=\"pln\"> </span><span class=\"atn\">id</span><span class=\"pun\">=</span><span class=\"atv\">\"article-editormd\"</span><span class=\"pln\"> </span><span class=\"atn\">class</span><span class=\"pun\">=</span><span class=\"atv\">\"editormd editormd-vertical editormd-theme-dark\"</span><span class=\"tag\">&gt;</span></code></li><li class=\"L1\"><code><span class=\"pln\">         </span><span class=\"tag\">&lt;/div&gt;</span></code></li></ol></pre><pre class=\"prettyprint linenums prettyprinted\"><ol class=\"linenums\"><li class=\"L0\"><code><span class=\"pln\"> </span><span class=\"tag\">&lt;script</span><span class=\"pln\"> </span><span class=\"atn\">type</span><span class=\"pun\">=</span><span class=\"atv\">\"text/javascript\"</span><span class=\"tag\">&gt;</span></code></li><li class=\"L1\"><code><span class=\"pln\">     var mdEditor;</span></code></li><li class=\"L2\"><code></code></li><li class=\"L3\"><code><span class=\"pln\">     $(function() {</span></code></li><li class=\"L4\"><code><span class=\"pln\">         mdEditor = editormd(\"article-editormd\", {</span></code></li><li class=\"L5\"><code><span class=\"pln\">             width: \"100%\",</span></code></li><li class=\"L6\"><code><span class=\"pln\">             height: 350,</span></code></li><li class=\"L7\"><code><span class=\"pln\">             path : \'/static/editor.md/lib/\',</span></code></li><li class=\"L8\"><code><span class=\"pln\">             theme : \"dark\",</span></code></li><li class=\"L9\"><code><span class=\"pln\">             previewTheme : \"dark\",</span></code></li><li class=\"L0\"><code><span class=\"pln\">             editorTheme : \"pastel-on-dark\",</span></code></li><li class=\"L1\"><code><span class=\"pln\">             //markdown : \'\',</span></code></li><li class=\"L2\"><code><span class=\"pln\">             codeFold : true,</span></code></li><li class=\"L3\"><code><span class=\"pln\">             //syncScrolling : false,</span></code></li><li class=\"L4\"><code><span class=\"pln\">             saveHTMLToTextarea : false,    // 保存 HTML 到 Textarea</span></code></li><li class=\"L5\"><code><span class=\"pln\">             searchReplace : true,</span></code></li><li class=\"L6\"><code><span class=\"pln\">             //watch : false,                // 关闭实时预览</span></code></li><li class=\"L7\"><code><span class=\"pln\">             htmlDecode : \"style,script,iframe|on*\",            // 开启 HTML 标签解析，为了安全性，默认不开启</span></code></li><li class=\"L8\"><code><span class=\"pln\">             //toolbar  : false,             //关闭工具栏</span></code></li><li class=\"L9\"><code><span class=\"pln\">             //previewCodeHighlight : false, // 关闭预览 HTML 的代码块高亮，默认开启</span></code></li><li class=\"L0\"><code><span class=\"pln\">             emoji : true,</span></code></li><li class=\"L1\"><code><span class=\"pln\">             taskList : true,</span></code></li><li class=\"L2\"><code><span class=\"pln\">             tocm          : true,         // Using [TOCM]</span></code></li><li class=\"L3\"><code><span class=\"pln\">             tex : true,                   // 开启科学公式TeX语言支持，默认关闭</span></code></li><li class=\"L4\"><code><span class=\"pln\">             flowChart : true,             // 开启流程图支持，默认关闭</span></code></li><li class=\"L5\"><code><span class=\"pln\">             sequenceDiagram : true,       // 开启时序/序列图支持，默认关闭,</span></code></li><li class=\"L6\"><code><span class=\"pln\">             //dialogLockScreen : false,   // 设置弹出层对话框不锁屏，全局通用，默认为true</span></code></li><li class=\"L7\"><code><span class=\"pln\">             //dialogShowMask : false,     // 设置弹出层对话框显示透明遮罩层，全局通用，默认为true</span></code></li><li class=\"L8\"><code><span class=\"pln\">             //dialogDraggable : false,    // 设置弹出层对话框不可拖动，全局通用，默认为true</span></code></li><li class=\"L9\"><code><span class=\"pln\">             //dialogMaskOpacity : 0.4,    // 设置透明遮罩层的透明度，全局通用，默认值为0.1</span></code></li><li class=\"L0\"><code><span class=\"pln\">             //dialogMaskBgColor : \"#000\", // 设置透明遮罩层的背景颜色，全局通用，默认为#fff</span></code></li><li class=\"L1\"><code><span class=\"pln\">             imageUpload : true,</span></code></li><li class=\"L2\"><code><span class=\"pln\">             imageFormats : [\"jpg\", \"jpeg\", \"gif\", \"png\", \"bmp\", \"webp\"],</span></code></li><li class=\"L3\"><code><span class=\"pln\">             imageUploadURL : \"/upload\",</span></code></li><li class=\"L4\"><code><span class=\"pln\">             onload : function() {</span></code></li><li class=\"L5\"><code><span class=\"pln\">                 //this.setMarkdown(\"#PHP\");  //设置内容</span></code></li><li class=\"L6\"><code><span class=\"pln\">                 this.resize(\"100%\", 450);</span></code></li><li class=\"L7\"><code><span class=\"pln\">             }</span></code></li><li class=\"L8\"><code><span class=\"pln\">         });</span></code></li><li class=\"L9\"><code><span class=\"pln\">     });</span></code></li></ol></pre></li><li><p>获取内容，保存至数据库<br><code>var content = mdEditor.getMarkdown();</code></p>\n</li><li><p>前台html显示</p>\n</li></ol>\n<ul>\n<li>js引用<pre class=\"prettyprint linenums prettyprinted\"><ol class=\"linenums\"><li class=\"L0\"><code><span class=\"pln\">  </span><span class=\"tag\">&lt;link</span><span class=\"pln\"> </span><span class=\"atn\">rel</span><span class=\"pun\">=</span><span class=\"atv\">\"stylesheet\"</span><span class=\"pln\"> </span><span class=\"atn\">href</span><span class=\"pun\">=</span><span class=\"atv\">\"/static/editor.md/css/editormd.preview.css\"</span><span class=\"pln\"> </span><span class=\"tag\">/&gt;</span></code></li><li class=\"L1\"><code><span class=\"pln\">  </span><span class=\"tag\">&lt;link</span><span class=\"pln\"> </span><span class=\"atn\">type</span><span class=\"pun\">=</span><span class=\"atv\">\"text/css\"</span><span class=\"pln\"> </span><span class=\"atn\">rel</span><span class=\"pun\">=</span><span class=\"atv\">\"stylesheet\"</span><span class=\"pln\"> </span><span class=\"atn\">href</span><span class=\"pun\">=</span><span class=\"atv\">\"/static/css/katex.min.css\"</span><span class=\"pln\"> </span><span class=\"tag\">/&gt;</span></code></li><li class=\"L2\"><code><span class=\"pln\">  </span><span class=\"tag\">&lt;link</span><span class=\"pln\"> </span><span class=\"atn\">rel</span><span class=\"pun\">=</span><span class=\"atv\">\"stylesheet\"</span><span class=\"pln\"> </span><span class=\"atn\">href</span><span class=\"pun\">=</span><span class=\"atv\">\"/static/css/editor_md.css\"</span><span class=\"pln\"> </span><span class=\"tag\">/&gt;</span></code></li><li class=\"L3\"><code><span class=\"pln\">  </span><span class=\"tag\">&lt;link</span><span class=\"pln\"> </span><span class=\"atn\">type</span><span class=\"pun\">=</span><span class=\"atv\">\"text/css\"</span><span class=\"pln\"> </span><span class=\"atn\">rel</span><span class=\"pun\">=</span><span class=\"atv\">\"stylesheet\"</span><span class=\"pln\"> </span><span class=\"atn\">href</span><span class=\"pun\">=</span><span class=\"atv\">\"/static/editor.md/css/editormd.css\"</span><span class=\"pln\"> </span><span class=\"tag\">/&gt;</span></code></li><li class=\"L4\"><code><span class=\"pln\">  </span><span class=\"tag\">&lt;link</span><span class=\"pln\"> </span><span class=\"atn\">type</span><span class=\"pun\">=</span><span class=\"atv\">\"text/css\"</span><span class=\"pln\"> </span><span class=\"atn\">rel</span><span class=\"pun\">=</span><span class=\"atv\">\"stylesheet\"</span><span class=\"pln\"> </span><span class=\"atn\">href</span><span class=\"pun\">=</span><span class=\"atv\">\"/static/editor.md/lib/codemirror/codemirror.min.css\"</span><span class=\"pln\"> </span><span class=\"tag\">/&gt;</span></code></li><li class=\"L5\"><code><span class=\"pln\">  </span><span class=\"tag\">&lt;script</span><span class=\"pln\"> </span><span class=\"atn\">type</span><span class=\"pun\">=</span><span class=\"atv\">\"text/javascript\"</span><span class=\"pln\"> </span><span class=\"atn\">src</span><span class=\"pun\">=</span><span class=\"atv\">\"/static/js/katex.min.js\"</span><span class=\"tag\">&gt;&lt;/script&gt;</span></code></li><li class=\"L6\"><code><span class=\"pln\">  </span><span class=\"tag\">&lt;script</span><span class=\"pln\"> </span><span class=\"atn\">src</span><span class=\"pun\">=</span><span class=\"atv\">\"/static/editor.md/lib/codemirror/codemirror.min.js\"</span><span class=\"tag\">&gt;&lt;/script&gt;</span></code></li><li class=\"L7\"><code><span class=\"pln\">  </span><span class=\"tag\">&lt;script</span><span class=\"pln\"> </span><span class=\"atn\">src</span><span class=\"pun\">=</span><span class=\"atv\">\"/static/editor.md/lib/codemirror/codemirror.min.js\"</span><span class=\"tag\">&gt;&lt;/script&gt;</span></code></li><li class=\"L8\"><code><span class=\"pln\">  </span><span class=\"tag\">&lt;script</span><span class=\"pln\"> </span><span class=\"atn\">src</span><span class=\"pun\">=</span><span class=\"atv\">\"/static/editor.md/lib/marked.min.js\"</span><span class=\"tag\">&gt;&lt;/script&gt;</span></code></li><li class=\"L9\"><code><span class=\"pln\">  </span><span class=\"tag\">&lt;script</span><span class=\"pln\"> </span><span class=\"atn\">src</span><span class=\"pun\">=</span><span class=\"atv\">\"/static/editor.md/lib/prettify.min.js\"</span><span class=\"tag\">&gt;&lt;/script&gt;</span></code></li><li class=\"L0\"><code><span class=\"pln\">  </span><span class=\"tag\">&lt;script</span><span class=\"pln\"> </span><span class=\"atn\">src</span><span class=\"pun\">=</span><span class=\"atv\">\"/static/editor.md/lib/raphael.min.js\"</span><span class=\"tag\">&gt;&lt;/script&gt;</span></code></li><li class=\"L1\"><code><span class=\"pln\">  </span><span class=\"tag\">&lt;script</span><span class=\"pln\"> </span><span class=\"atn\">src</span><span class=\"pun\">=</span><span class=\"atv\">\"/static/editor.md/lib/underscore.min.js\"</span><span class=\"tag\">&gt;&lt;/script&gt;</span></code></li><li class=\"L2\"><code><span class=\"pln\">  </span><span class=\"tag\">&lt;script</span><span class=\"pln\"> </span><span class=\"atn\">src</span><span class=\"pun\">=</span><span class=\"atv\">\"/static/editor.md/lib/sequence-diagram.min.js\"</span><span class=\"tag\">&gt;&lt;/script&gt;</span></code></li><li class=\"L3\"><code><span class=\"pln\">  </span><span class=\"tag\">&lt;script</span><span class=\"pln\"> </span><span class=\"atn\">src</span><span class=\"pun\">=</span><span class=\"atv\">\"/static/editor.md/lib/flowchart.min.js\"</span><span class=\"tag\">&gt;&lt;/script&gt;</span></code></li><li class=\"L4\"><code><span class=\"pln\">  </span><span class=\"tag\">&lt;script</span><span class=\"pln\"> </span><span class=\"atn\">src</span><span class=\"pun\">=</span><span class=\"atv\">\"/static/editor.md/lib/jquery.flowchart.min.js\"</span><span class=\"tag\">&gt;&lt;/script&gt;</span></code></li><li class=\"L5\"><code><span class=\"pln\">  </span><span class=\"tag\">&lt;script</span><span class=\"pln\"> </span><span class=\"atn\">src</span><span class=\"pun\">=</span><span class=\"atv\">\"/static/editor.md/editormd.js\"</span><span class=\"tag\">&gt;&lt;/script&gt;</span></code></li></ol></pre>-html代码<pre class=\"prettyprint linenums prettyprinted\"><ol class=\"linenums\"><li class=\"L0\"><code><span class=\"tag\">&lt;div</span><span class=\"pln\"> </span><span class=\"atn\">id</span><span class=\"pun\">=</span><span class=\"atv\">\"editormd-view\"</span><span class=\"pln\"> </span><span class=\"atn\">class</span><span class=\"pun\">=</span><span class=\"atv\">\"view-content\"</span><span class=\"tag\">&gt;</span></code></li><li class=\"L1\"><code><span class=\"pln\">   </span><span class=\"tag\">&lt;textarea</span><span class=\"pln\"> </span><span class=\"atn\">id</span><span class=\"pun\">=</span><span class=\"atv\">\"append-view\"</span><span class=\"pln\"> </span><span class=\"atn\">style</span><span class=\"pun\">=</span><span class=\"atv\">\"</span><span class=\"pln\">display</span><span class=\"pun\">:</span><span class=\"pln\">none</span><span class=\"pun\">;</span><span class=\"atv\">\"</span><span class=\"tag\">&gt;</span><span class=\"pln\">{{ blog.content }}</span><span class=\"tag\">&lt;/textarea&gt;</span></code></li><li class=\"L2\"><code><span class=\"tag\">&lt;/div&gt;</span></code></li></ol></pre><blockquote>\n<p>注意：这里有个坑，不能在textarea里面添加空格啥的，会显示不正常，我就是当时里面有空格，因为空格也会当作markdown的语来解析，所以导致显示不正常，找了两天才偶然发现这里有问题</p>\n</blockquote>\n</li></ul>\n<p>-js使用</p>\n<pre class=\"prettyprint linenums prettyprinted\"><ol class=\"linenums\"><li class=\"L0\"><code><span class=\"tag\">&lt;script</span><span class=\"pln\"> </span><span class=\"atn\">type</span><span class=\"pun\">=</span><span class=\"atv\">\"text/javascript\"</span><span class=\"tag\">&gt;</span></code></li><li class=\"L1\"><code><span class=\"pln\">        $</span><span class=\"pun\">(</span><span class=\"kwd\">function</span><span class=\"pun\">()</span><span class=\"pln\"> </span><span class=\"pun\">{</span></code></li><li class=\"L2\"><code><span class=\"pln\">           </span><span class=\"kwd\">var</span><span class=\"pln\"> </span><span class=\"typ\">EditormdView</span><span class=\"pun\">;</span></code></li><li class=\"L3\"><code></code></li><li class=\"L4\"><code><span class=\"pln\">            </span><span class=\"typ\">EditormdView</span><span class=\"pln\"> </span><span class=\"pun\">=</span><span class=\"pln\"> editormd</span><span class=\"pun\">.</span><span class=\"pln\">markdownToHTML</span><span class=\"pun\">(</span><span class=\"str\">\"editormd-view\"</span><span class=\"pun\">,</span><span class=\"pln\"> </span><span class=\"pun\">{</span></code></li><li class=\"L5\"><code><span class=\"pln\">                    htmlDecode      </span><span class=\"pun\">:</span><span class=\"pln\"> </span><span class=\"str\">\"style,script,iframe\"</span><span class=\"pun\">,</span><span class=\"pln\">  </span><span class=\"com\">// you can filter tags decode</span></code></li><li class=\"L6\"><code><span class=\"pln\">                    emoji           </span><span class=\"pun\">:</span><span class=\"pln\"> </span><span class=\"kwd\">true</span><span class=\"pun\">,</span></code></li><li class=\"L7\"><code><span class=\"pln\">                    taskList        </span><span class=\"pun\">:</span><span class=\"pln\"> </span><span class=\"kwd\">true</span><span class=\"pun\">,</span></code></li><li class=\"L8\"><code><span class=\"pln\">                    tex             </span><span class=\"pun\">:</span><span class=\"pln\"> </span><span class=\"kwd\">true</span><span class=\"pun\">,</span><span class=\"pln\">  </span><span class=\"com\">// 默认不解析</span></code></li><li class=\"L9\"><code><span class=\"pln\">                    flowChart       </span><span class=\"pun\">:</span><span class=\"pln\"> </span><span class=\"kwd\">true</span><span class=\"pun\">,</span><span class=\"pln\">  </span><span class=\"com\">// 默认不解析</span></code></li><li class=\"L0\"><code><span class=\"pln\">                    sequenceDiagram </span><span class=\"pun\">:</span><span class=\"pln\"> </span><span class=\"kwd\">true</span><span class=\"pun\">,</span><span class=\"pln\">  </span><span class=\"com\">// 默认不解析</span></code></li><li class=\"L1\"><code><span class=\"pln\">                </span><span class=\"pun\">});</span></code></li><li class=\"L2\"><code><span class=\"pln\">        </span><span class=\"pun\">});</span></code></li><li class=\"L3\"><code><span class=\"pln\">    </span><span class=\"tag\">&lt;/script&gt;</span></code></li></ol></pre><ol>\n<li>到这里你就可以安心的使用markdown显示了，是不是很高打上。。哈哈、、</li></ol>\n', '2016-09-23 14:58:41');
INSERT INTO `blogs` VALUES ('53', 'markdown的主题样式', '34', '', '211', '<div class=\"markdown-toc editormd-markdown-toc\"><ul class=\"markdown-toc-list\"><li><a class=\"toc-level-3\" href=\"#Themes\" level=\"3\">Themes</a><ul><li><a class=\"toc-level-4\" href=\"#Setting\" level=\"4\">Setting</a></li><li><a class=\"toc-level-4\" href=\"#Default theme\" level=\"4\">Default theme</a></li><li><a class=\"toc-level-4\" href=\"#Recommend editor area themes\" level=\"4\">Recommend editor area themes</a></li><li><a class=\"toc-level-4\" href=\"#Editor area themes\" level=\"4\">Editor area themes</a><ul></ul></li></ul></li></ul></div><h3 id=\"h3-themes\"><a name=\"Themes\" class=\"reference-link\"></a><span class=\"header-link octicon octicon-link\"></span>Themes</h3><h4 id=\"h4-setting\"><a name=\"Setting\" class=\"reference-link\"></a><span class=\"header-link octicon octicon-link\"></span>Setting</h4><p>configs:</p>\n<pre class=\"prettyprint linenums prettyprinted\"><ol class=\"linenums\"><li class=\"L0\"><code class=\"lang-javascript\"><span class=\"pun\">{</span></code></li><li class=\"L1\"><code class=\"lang-javascript\"><span class=\"pln\">    </span><span class=\"com\">// Editor.md theme, default or dark, change at v1.5.0</span></code></li><li class=\"L2\"><code class=\"lang-javascript\"><span class=\"pln\">    </span><span class=\"com\">// You can also custom css class .editormd-theme-xxxx</span></code></li><li class=\"L3\"><code class=\"lang-javascript\"><span class=\"pln\">    theme </span><span class=\"pun\">:</span><span class=\"pln\"> </span><span class=\"str\">\"default | dark\"</span><span class=\"pun\">,</span></code></li><li class=\"L4\"><code class=\"lang-javascript\"></code></li><li class=\"L5\"><code class=\"lang-javascript\"><span class=\"pln\">    </span><span class=\"com\">// Preview container theme, added v1.5.0</span></code></li><li class=\"L6\"><code class=\"lang-javascript\"><span class=\"pln\">    </span><span class=\"com\">// You can also custom css class .editormd-preview-theme-xxxx</span></code></li><li class=\"L7\"><code class=\"lang-javascript\"><span class=\"pln\">    previewTheme </span><span class=\"pun\">:</span><span class=\"pln\"> </span><span class=\"str\">\"default | dark\"</span><span class=\"pun\">,</span></code></li><li class=\"L8\"><code class=\"lang-javascript\"></code></li><li class=\"L9\"><code class=\"lang-javascript\"><span class=\"pln\">    </span><span class=\"com\">// Added @v1.5.0 &amp; after version this is CodeMirror (editor area) theme</span></code></li><li class=\"L0\"><code class=\"lang-javascript\"><span class=\"pln\">    editorTheme </span><span class=\"pun\">:</span><span class=\"pln\"> editormd</span><span class=\"pun\">.</span><span class=\"pln\">editorThemes</span><span class=\"pun\">[</span><span class=\"str\">\'theme-name\'</span><span class=\"pun\">]</span></code></li><li class=\"L1\"><code class=\"lang-javascript\"><span class=\"pun\">}</span></code></li></ol></pre>\n<p>functions:</p>\n<pre class=\"prettyprint linenums prettyprinted\"><ol class=\"linenums\"><li class=\"L0\"><code class=\"lang-javascript\"><span class=\"pln\">editor</span><span class=\"pun\">.</span><span class=\"pln\">setTheme</span><span class=\"pun\">(</span><span class=\"str\">\'theme-name\'</span><span class=\"pun\">);</span></code></li><li class=\"L1\"><code class=\"lang-javascript\"><span class=\"pln\">editor</span><span class=\"pun\">.</span><span class=\"pln\">setEditorTheme</span><span class=\"pun\">(</span><span class=\"str\">\'theme-name\'</span><span class=\"pun\">);</span></code></li><li class=\"L2\"><code class=\"lang-javascript\"><span class=\"pln\">editor</span><span class=\"pun\">.</span><span class=\"pln\">setPreviewTheme</span><span class=\"pun\">(</span><span class=\"str\">\'theme-name\'</span><span class=\"pun\">);</span></code></li></ol></pre>\n<h4 id=\"h4-default-theme\"><a name=\"Default theme\" class=\"reference-link\"></a><span class=\"header-link octicon octicon-link\"></span>Default theme</h4><ul>\n<li>Editor.md theme : <code>default</code></li><li>Preview area theme : <code>default</code></li><li>Editor area theme : <code>default</code></li></ul>\n<blockquote>\n<p>Recommend <code>dark</code> theme.</p>\n</blockquote>\n<h4 id=\"h4-recommend-editor-area-themes\"><a name=\"Recommend editor area themes\" class=\"reference-link\"></a><span class=\"header-link octicon octicon-link\"></span>Recommend editor area themes</h4><ul>\n<li>ambiance</li><li>eclipse</li><li>mdn-like</li><li>mbo</li><li>monokai</li><li>neat</li><li>pastel-on-dark</li></ul>\n<h4 id=\"h4-editor-area-themes\"><a name=\"Editor area themes\" class=\"reference-link\"></a><span class=\"header-link octicon octicon-link\"></span>Editor area themes</h4><ul>\n<li>default</li><li>3024-day</li><li>3024-night</li><li>ambiance</li><li>ambiance-mobile</li><li>base16-dark</li><li>base16-light</li><li>blackboard</li><li>cobalt</li><li>eclipse</li><li>elegant</li><li>erlang-dark</li><li>lesser-dark</li><li>mbo</li><li>mdn-like</li><li>midnight</li><li>monokai</li><li>neat</li><li>neo</li><li>night</li><li>paraiso-dark</li><li>paraiso-light</li><li>pastel-on-dark</li><li>rubyblue</li><li>solarized</li><li>the-matrix</li><li>tomorrow-night-eighties</li><li>twilight</li><li>vibrant-ink</li><li>xq-dark</li><li>xq-light</li></ul>\n', '2016-09-23 16:08:42');
INSERT INTO `blogs` VALUES ('54', '再次测试', '34', '', '15', '<div class=\"markdown-toc editormd-markdown-toc\"><ul class=\"markdown-toc-list\"><li><a class=\"toc-level-3\" href=\"#Themes\" level=\"3\">Themes</a><ul><li><a class=\"toc-level-4\" href=\"#Setting\" level=\"4\">Setting</a></li><li><a class=\"toc-level-4\" href=\"#Default theme\" level=\"4\">Default theme</a></li><li><a class=\"toc-level-4\" href=\"#Recommend editor area themes\" level=\"4\">Recommend editor area themes</a></li><li><a class=\"toc-level-4\" href=\"#Editor area themes\" level=\"4\">Editor area themes</a><ul></ul></li></ul></li></ul></div><h3 id=\"h3-themes\"><a name=\"Themes\" class=\"reference-link\"></a><span class=\"header-link octicon octicon-link\"></span>Themes</h3><h4 id=\"h4-setting\"><a name=\"Setting\" class=\"reference-link\"></a><span class=\"header-link octicon octicon-link\"></span>Setting</h4><p>configs:</p>\n<pre class=\"prettyprint linenums prettyprinted\"><ol class=\"linenums\"><li class=\"L0\"><code class=\"lang-javascript\"><span class=\"pun\">{</span></code></li><li class=\"L1\"><code class=\"lang-javascript\"><span class=\"pln\">    </span><span class=\"com\">// Editor.md theme, default or dark, change at v1.5.0</span></code></li><li class=\"L2\"><code class=\"lang-javascript\"><span class=\"pln\">    </span><span class=\"com\">// You can also custom css class .editormd-theme-xxxx</span></code></li><li class=\"L3\"><code class=\"lang-javascript\"><span class=\"pln\">    theme </span><span class=\"pun\">:</span><span class=\"pln\"> </span><span class=\"str\">\"default | dark\"</span><span class=\"pun\">,</span></code></li><li class=\"L4\"><code class=\"lang-javascript\"></code></li><li class=\"L5\"><code class=\"lang-javascript\"><span class=\"pln\">    </span><span class=\"com\">// Preview container theme, added v1.5.0</span></code></li><li class=\"L6\"><code class=\"lang-javascript\"><span class=\"pln\">    </span><span class=\"com\">// You can also custom css class .editormd-preview-theme-xxxx</span></code></li><li class=\"L7\"><code class=\"lang-javascript\"><span class=\"pln\">    previewTheme </span><span class=\"pun\">:</span><span class=\"pln\"> </span><span class=\"str\">\"default | dark\"</span><span class=\"pun\">,</span></code></li><li class=\"L8\"><code class=\"lang-javascript\"></code></li><li class=\"L9\"><code class=\"lang-javascript\"><span class=\"pln\">    </span><span class=\"com\">// Added @v1.5.0 &amp; after version this is CodeMirror (editor area) theme</span></code></li><li class=\"L0\"><code class=\"lang-javascript\"><span class=\"pln\">    editorTheme </span><span class=\"pun\">:</span><span class=\"pln\"> editormd</span><span class=\"pun\">.</span><span class=\"pln\">editorThemes</span><span class=\"pun\">[</span><span class=\"str\">\'theme-name\'</span><span class=\"pun\">]</span></code></li><li class=\"L1\"><code class=\"lang-javascript\"><span class=\"pun\">}</span></code></li></ol></pre>\n<p>functions:</p>\n<pre class=\"prettyprint linenums prettyprinted\"><ol class=\"linenums\"><li class=\"L0\"><code class=\"lang-javascript\"><span class=\"pln\">editor</span><span class=\"pun\">.</span><span class=\"pln\">setTheme</span><span class=\"pun\">(</span><span class=\"str\">\'theme-name\'</span><span class=\"pun\">);</span></code></li><li class=\"L1\"><code class=\"lang-javascript\"><span class=\"pln\">editor</span><span class=\"pun\">.</span><span class=\"pln\">setEditorTheme</span><span class=\"pun\">(</span><span class=\"str\">\'theme-name\'</span><span class=\"pun\">);</span></code></li><li class=\"L2\"><code class=\"lang-javascript\"><span class=\"pln\">editor</span><span class=\"pun\">.</span><span class=\"pln\">setPreviewTheme</span><span class=\"pun\">(</span><span class=\"str\">\'theme-name\'</span><span class=\"pun\">);</span></code></li></ol></pre>\n<h4 id=\"h4-default-theme\"><a name=\"Default theme\" class=\"reference-link\"></a><span class=\"header-link octicon octicon-link\"></span>Default theme</h4><ul>\n<li>Editor.md theme : <code>default</code></li><li>Preview area theme : <code>default</code></li><li>Editor area theme : <code>default</code></li></ul>\n<blockquote>\n<p>Recommend <code>dark</code> theme.</p>\n</blockquote>\n<h4 id=\"h4-recommend-editor-area-themes\"><a name=\"Recommend editor area themes\" class=\"reference-link\"></a><span class=\"header-link octicon octicon-link\"></span>Recommend editor area themes</h4><ul>\n<li>ambiance</li><li>eclipse</li><li>mdn-like</li><li>mbo</li><li>monokai</li><li>neat</li><li>pastel-on-dark</li></ul>\n<h4 id=\"h4-editor-area-themes\"><a name=\"Editor area themes\" class=\"reference-link\"></a><span class=\"header-link octicon octicon-link\"></span>Editor area themes</h4><ul>\n<li>default</li><li>3024-day</li><li>3024-night</li><li>ambiance</li><li>ambiance-mobile</li><li>base16-dark</li><li>base16-light</li><li>blackboard</li><li>cobalt</li><li>eclipse</li><li>elegant</li><li>erlang-dark</li><li>lesser-dark</li><li>mbo</li><li>mdn-like</li><li>midnight</li><li>monokai</li><li>neat</li><li>neo</li><li>night</li><li>paraiso-dark</li><li>paraiso-light</li><li>pastel-on-dark</li><li>rubyblue</li><li>solarized</li><li>the-matrix</li><li>tomorrow-night-eighties</li><li>twilight</li><li>vibrant-ink</li><li>xq-dark</li><li>xq-light</li></ul>\n', '2016-09-23 16:45:16');
INSERT INTO `blogs` VALUES ('55', '这是一篇测试文章', '34', '这是一篇测试文章。。。', '72', '<p><em>这是一篇测试文章</em></p>\n', '2016-09-29 17:29:45');

-- ----------------------------
-- Table structure for blog_category
-- ----------------------------
DROP TABLE IF EXISTS `blog_category`;
CREATE TABLE `blog_category` (
  `id` int(11) NOT NULL AUTO_INCREMENT,
  `blog_id` int(11) DEFAULT NULL,
  `category_id` int(11) DEFAULT NULL,
  `create_time` datetime DEFAULT NULL,
  PRIMARY KEY (`id`)
) ENGINE=MyISAM AUTO_INCREMENT=43 DEFAULT CHARSET=utf8;

-- ----------------------------
-- Records of blog_category
-- ----------------------------
INSERT INTO `blog_category` VALUES ('21', '35', '2', '2016-09-20 16:29:14');
INSERT INTO `blog_category` VALUES ('22', '36', '1', '2016-09-22 09:37:51');
INSERT INTO `blog_category` VALUES ('23', '37', '1', '2016-09-22 14:53:40');
INSERT INTO `blog_category` VALUES ('24', '38', '1', '2016-09-22 14:55:49');
INSERT INTO `blog_category` VALUES ('25', '39', '1', '2016-09-22 15:37:31');
INSERT INTO `blog_category` VALUES ('26', '40', '1', '2016-09-22 16:08:30');
INSERT INTO `blog_category` VALUES ('27', '41', '1', '2016-09-22 17:09:42');
INSERT INTO `blog_category` VALUES ('28', '42', '1', '2016-09-22 17:11:09');
INSERT INTO `blog_category` VALUES ('29', '43', '1', '2016-09-22 17:12:53');
INSERT INTO `blog_category` VALUES ('30', '44', '1', '2016-09-22 17:14:13');
INSERT INTO `blog_category` VALUES ('31', '45', '1', '2016-09-22 17:43:00');
INSERT INTO `blog_category` VALUES ('33', '47', '2', '2016-09-23 12:11:12');
INSERT INTO `blog_category` VALUES ('34', '48', '1', '2016-09-23 13:15:27');
INSERT INTO `blog_category` VALUES ('35', '49', '2', '2016-09-23 13:33:34');
INSERT INTO `blog_category` VALUES ('36', '50', '2', '2016-09-23 13:37:21');
INSERT INTO `blog_category` VALUES ('37', '51', '1', '2016-09-23 13:50:39');
INSERT INTO `blog_category` VALUES ('38', '52', '1', '2016-09-23 14:58:41');
INSERT INTO `blog_category` VALUES ('39', '53', '1', '2016-09-23 16:08:42');
INSERT INTO `blog_category` VALUES ('40', '54', '1', '2016-09-23 16:45:16');
INSERT INTO `blog_category` VALUES ('41', '55', '1', '2016-09-29 17:29:51');
INSERT INTO `blog_category` VALUES ('42', '55', '2', '2016-10-10 15:57:22');

-- ----------------------------
-- Table structure for blog_tag
-- ----------------------------
DROP TABLE IF EXISTS `blog_tag`;
CREATE TABLE `blog_tag` (
  `id` int(11) NOT NULL AUTO_INCREMENT,
  `blog_id` int(11) DEFAULT NULL,
  `tag_id` int(11) DEFAULT NULL,
  `create_time` datetime DEFAULT NULL,
  PRIMARY KEY (`id`)
) ENGINE=MyISAM AUTO_INCREMENT=31 DEFAULT CHARSET=utf8;

-- ----------------------------
-- Records of blog_tag
-- ----------------------------
INSERT INTO `blog_tag` VALUES ('9', '35', '5', '2016-09-20 16:29:14');
INSERT INTO `blog_tag` VALUES ('10', '36', '6', '2016-09-22 09:37:51');
INSERT INTO `blog_tag` VALUES ('11', '37', '6', '2016-09-22 14:53:40');
INSERT INTO `blog_tag` VALUES ('12', '38', '6', '2016-09-22 14:55:49');
INSERT INTO `blog_tag` VALUES ('13', '39', '6', '2016-09-22 15:37:31');
INSERT INTO `blog_tag` VALUES ('14', '40', '6', '2016-09-22 16:08:30');
INSERT INTO `blog_tag` VALUES ('15', '41', '6', '2016-09-22 17:09:42');
INSERT INTO `blog_tag` VALUES ('16', '42', '6', '2016-09-22 17:11:09');
INSERT INTO `blog_tag` VALUES ('17', '43', '6', '2016-09-22 17:12:53');
INSERT INTO `blog_tag` VALUES ('18', '44', '6', '2016-09-22 17:14:13');
INSERT INTO `blog_tag` VALUES ('19', '45', '6', '2016-09-22 17:43:00');
INSERT INTO `blog_tag` VALUES ('20', '46', '7', '2016-09-23 11:58:14');
INSERT INTO `blog_tag` VALUES ('21', '47', '7', '2016-09-23 12:11:12');
INSERT INTO `blog_tag` VALUES ('22', '48', '7', '2016-09-23 13:15:27');
INSERT INTO `blog_tag` VALUES ('23', '49', '7', '2016-09-23 13:33:34');
INSERT INTO `blog_tag` VALUES ('24', '50', '6', '2016-09-23 13:37:21');
INSERT INTO `blog_tag` VALUES ('25', '51', '6', '2016-09-23 13:50:39');
INSERT INTO `blog_tag` VALUES ('26', '52', '6', '2016-09-23 14:58:41');
INSERT INTO `blog_tag` VALUES ('27', '53', '6', '2016-09-23 16:08:42');
INSERT INTO `blog_tag` VALUES ('28', '54', '6', '2016-09-23 16:45:16');
INSERT INTO `blog_tag` VALUES ('29', '55', '6', '2016-09-29 17:29:51');
INSERT INTO `blog_tag` VALUES ('30', '55', '7', '2016-10-10 16:51:29');

-- ----------------------------
-- Table structure for category
-- ----------------------------
DROP TABLE IF EXISTS `category`;
CREATE TABLE `category` (
  `id` int(11) unsigned NOT NULL AUTO_INCREMENT,
  `title` varchar(255) DEFAULT NULL COMMENT '分类标题',
  `create_time` datetime DEFAULT NULL,
  `is_delete` tinyint(1) DEFAULT NULL,
  PRIMARY KEY (`id`)
) ENGINE=MyISAM AUTO_INCREMENT=3 DEFAULT CHARSET=utf8;

-- ----------------------------
-- Records of category
-- ----------------------------
INSERT INTO `category` VALUES ('1', '个人成长', '2016-09-19 15:45:29', '0');
INSERT INTO `category` VALUES ('2', '编程之路', '2016-09-19 18:09:45', '0');

-- ----------------------------
-- Table structure for comments
-- ----------------------------
DROP TABLE IF EXISTS `comments`;
CREATE TABLE `comments` (
  `id` int(10) unsigned NOT NULL AUTO_INCREMENT,
  `blog_id` int(10) NOT NULL,
  `from_user_id` varchar(32) NOT NULL,
  `from_user_name` varchar(50) NOT NULL,
  `from_user_logo` varchar(500) NOT NULL,
  `from_user_email` varchar(255) DEFAULT NULL,
  `to_user_id` varchar(32) DEFAULT NULL,
  `to_user_logo` varchar(255) DEFAULT NULL,
  `to_user_name` varchar(255) DEFAULT NULL,
  `to_user_email` varchar(255) DEFAULT NULL,
  `content` mediumtext NOT NULL,
  `create_time` datetime NOT NULL,
  `display` tinyint(3) unsigned DEFAULT '1' COMMENT '默认显示1，不显示则为删除0',
  `parent` int(10) unsigned DEFAULT '0',
  PRIMARY KEY (`id`),
  KEY `idx_created_at` (`create_time`)
) ENGINE=MyISAM AUTO_INCREMENT=30 DEFAULT CHARSET=utf8;

-- ----------------------------
-- Records of comments
-- ----------------------------
INSERT INTO `comments` VALUES ('6', '53', '1476256113099716f2bb7c6fe462d9af', '定达', 'http://www.gravatar.com/avatar/0cf497221d53347ff86773b4109c49aa?d=wavatar&s=120', '23@163.com', '', null, null, null, '对于产品学习，一个是苏杰，一个就是唐杰。本文对于SaaS的观点，强化了我对自己项目的信心。呵呵，谢谢！', '2016-10-12 15:08:33', '1', '0');
INSERT INTO `comments` VALUES ('7', '53', '147625621814664bd782ab40247ebaa1', '测试工程师', 'http://www.gravatar.com/avatar/0cf497221d53347ff86773b4109c49aa?d=wavatar&s=120', '23@163.com', '', null, null, null, '你好，，这是测试评论', '2016-10-12 15:10:18', '1', '0');
INSERT INTO `comments` VALUES ('8', '53', '147626274428301ba33b856ca4cd085c', '额外企鹅王企鹅', 'http://www.gravatar.com/avatar/7bf71d6698d665048341459c1364209f?d=wavatar&s=120', '22@163.com', '', null, null, null, '你好。，这是第二次测试', '2016-10-12 16:59:04', '1', '6');
INSERT INTO `comments` VALUES ('9', '53', '1476343469334de47430497c84264840', '益达', 'http://www.gravatar.com/avatar/d98fa9bbc470a6f83c556a8d3002d66a?d=wavatar&s=120', '18353367683@163.com', '1476256113099716f2bb7c6fe462d9af', null, null, null, '你好，，这是测试', '2016-10-13 15:24:29', '1', '6');
INSERT INTO `comments` VALUES ('10', '53', '1476343831438674deb5ebca342d4a31', '哈哈', 'http://www.gravatar.com/avatar/d98fa9bbc470a6f83c556a8d3002d66a?d=wavatar&s=120', '18353367683@163.com', '147626274428301ba33b856ca4cd085c', null, null, null, '你好，企鹅。。很高兴你的回复啊。。。', '2016-10-13 15:30:31', '1', '6');
INSERT INTO `comments` VALUES ('11', '53', '14763439372392909449311e7444ea5a', '企鹅', 'http://www.gravatar.com/avatar/d98fa9bbc470a6f83c556a8d3002d66a?d=wavatar&s=120', '18353367683@163.com', '1476343831438674deb5ebca342d4a31', null, '哈哈', null, '没关系的。。哈哈', '2016-10-13 15:32:17', '1', '6');
INSERT INTO `comments` VALUES ('12', '53', '1476343989951310316e2500d4132b59', '金老板', 'http://www.gravatar.com/avatar/e1959f178317b4b9714e33a862120764?d=wavatar&s=120', 'jason@163.com', '147625621814664bd782ab40247ebaa1', null, '测试工程师', null, '你好，，测试工程师，很高兴收到你的回复', '2016-10-13 15:33:10', '1', '7');
INSERT INTO `comments` VALUES ('13', '53', '14763440541985005674dd1fd421299a', '匿名', 'http://www.gravatar.com/avatar/d98fa9bbc470a6f83c556a8d3002d66a?d=wavatar&s=120', '18353367683@163.com', '', null, '', null, '哈哈，，貌似楼主的评论功能写的很好嘛。。鼓掌。。。', '2016-10-13 15:34:14', '1', '0');
INSERT INTO `comments` VALUES ('14', '53', '1476344092070f108861433824671afd', 'hearain', 'http://www.gravatar.com/avatar/d72d310edac04a63973d5509e271d70c?d=wavatar&s=120', '45@163.com', '14763440541985005674dd1fd421299a', null, '匿名', null, '哈哈，，不客气。。', '2016-10-13 15:34:52', '1', '13');
INSERT INTO `comments` VALUES ('15', '53', '14763441863320a9b2a4097554d9fa5a', 'wangjun', 'http://www.gravatar.com/avatar/b6b9079a5b7769677813ccb579aac020?d=wavatar&s=120', 'wang@163.com', '1476344092070f108861433824671afd', null, 'hearain', null, '66666666666666', '2016-10-13 15:36:26', '1', '13');
INSERT INTO `comments` VALUES ('16', '54', '14764321514035a83c3afa65f45a5a59', 'hearain', 'http://www.gravatar.com/avatar/d98fa9bbc470a6f83c556a8d3002d66a?d=wavatar&s=120', '18353367683@163.com', '', null, '', null, '哈哈。。测试邮件', '2016-10-14 16:02:31', '1', '0');
INSERT INTO `comments` VALUES ('17', '54', '1476432176298b2cc39197dcd4d8891d', 'hearain', 'http://www.gravatar.com/avatar/d98fa9bbc470a6f83c556a8d3002d66a?d=wavatar&s=120', '18353367683@163.com', '', null, '', null, '哈哈。。测试邮件', '2016-10-14 16:02:56', '1', '0');
INSERT INTO `comments` VALUES ('18', '54', '1476432191062226811eb73e743de812', 'hearain', 'http://www.gravatar.com/avatar/d98fa9bbc470a6f83c556a8d3002d66a?d=wavatar&s=120', '18353367683@163.com', '', null, '', null, '哈哈。。测试邮件', '2016-10-14 16:03:11', '1', '0');
INSERT INTO `comments` VALUES ('19', '54', '14764322073529db2e39b4d6f4fe597f', 'hearain', 'http://www.gravatar.com/avatar/d98fa9bbc470a6f83c556a8d3002d66a?d=wavatar&s=120', '18353367683@163.com', '', null, '', null, '哈哈。。测试邮件', '2016-10-14 16:03:27', '1', '0');
INSERT INTO `comments` VALUES ('20', '54', '1476432232790d98e248ad4b64521b1d', 'hearain', 'http://www.gravatar.com/avatar/d98fa9bbc470a6f83c556a8d3002d66a?d=wavatar&s=120', '18353367683@163.com', '', null, '', null, '哈哈。。测试邮件', '2016-10-14 16:03:53', '1', '0');
INSERT INTO `comments` VALUES ('21', '54', '1476432266743c7515504a0344598a2f', 'hearain', 'http://www.gravatar.com/avatar/d98fa9bbc470a6f83c556a8d3002d66a?d=wavatar&s=120', '18353367683@163.com', '', null, '', null, '哈哈。。测试邮件', '2016-10-14 16:04:27', '1', '0');
INSERT INTO `comments` VALUES ('22', '54', '1476432558253ebc3ed2b944646bea0d', 'hearain', 'http://www.gravatar.com/avatar/0cf497221d53347ff86773b4109c49aa?d=wavatar&s=120', '23@163.com', '14764322073529db2e39b4d6f4fe597f', null, 'hearain', null, '好像成功了。。哈哈', '2016-10-14 16:09:18', '1', '19');
INSERT INTO `comments` VALUES ('23', '54', '1476432639125de612f00ba5c42d3844', '网你么', 'http://www.gravatar.com/avatar/bc34e5fe1cefe73d1dc3a73037acd024?d=wavatar&s=120', '153@163.com', '1476432232790d98e248ad4b64521b1d', null, 'hearain', null, '测试邮件的链接', '2016-10-14 16:10:39', '1', '20');
INSERT INTO `comments` VALUES ('24', '54', '1476432773294d597b300f82342eda20', '网你么', 'http://www.gravatar.com/avatar/bc34e5fe1cefe73d1dc3a73037acd024?d=wavatar&s=120', '153@163.com', '1476432232790d98e248ad4b64521b1d', null, 'hearain', null, '测试邮件的链接', '2016-10-14 16:12:53', '1', '20');
INSERT INTO `comments` VALUES ('25', '54', '1476432773297a0e74d19bd4f4c41a7f', '网你么', 'http://www.gravatar.com/avatar/bc34e5fe1cefe73d1dc3a73037acd024?d=wavatar&s=120', '153@163.com', '1476432232790d98e248ad4b64521b1d', null, 'hearain', null, '测试邮件的链接', '2016-10-14 16:12:53', '1', '20');
INSERT INTO `comments` VALUES ('26', '54', '14764332210384aa8eef5368e4e67beb', '多线程', 'http://www.gravatar.com/avatar/0a68900659f811a95ed9c951489dec5a?d=wavatar&s=120', '555@163.com', '1476432266743c7515504a0344598a2f', null, 'hearain', null, '测试多线程发送邮件', '2016-10-14 16:20:21', '1', '21');
INSERT INTO `comments` VALUES ('27', '54', '1476433254587a65b834bb48544fdaa0', '多线程', 'http://www.gravatar.com/avatar/0a68900659f811a95ed9c951489dec5a?d=wavatar&s=120', '555@163.com', '1476432266743c7515504a0344598a2f', null, 'hearain', null, '测试多线程发送邮件', '2016-10-14 16:20:55', '1', '21');
INSERT INTO `comments` VALUES ('28', '54', '1476433428844451ddc4ebf3141cbb32', '测试', 'http://www.gravatar.com/avatar/5623176e8dc59c914da2f1420bdfd692?d=wavatar&s=120', '456@163.com', '1476433254587a65b834bb48544fdaa0', null, '多线程', null, '测试多线程邮件发送', '2016-10-14 16:23:49', '1', '21');
INSERT INTO `comments` VALUES ('29', '54', '147643370391785293ab3fe4942c4aee', '第三方第三方说', 'http://www.gravatar.com/avatar/00766cb5c02860cb79b3a3f7a015622c?d=wavatar&s=120', '333@163.com', '1476432191062226811eb73e743de812', null, 'hearain', null, 'c车间快上课了烦恼事大福利款奶粉', '2016-10-14 16:28:24', '1', '18');

-- ----------------------------
-- Table structure for tag
-- ----------------------------
DROP TABLE IF EXISTS `tag`;
CREATE TABLE `tag` (
  `id` int(11) NOT NULL AUTO_INCREMENT,
  `title` varchar(255) DEFAULT NULL,
  `create_time` datetime DEFAULT NULL,
  PRIMARY KEY (`id`)
) ENGINE=MyISAM AUTO_INCREMENT=8 DEFAULT CHARSET=utf8;

-- ----------------------------
-- Records of tag
-- ----------------------------
INSERT INTO `tag` VALUES ('1', 'jquery', '2016-09-20 15:44:10');
INSERT INTO `tag` VALUES ('2', 'hadoop', '2016-09-20 15:57:50');
INSERT INTO `tag` VALUES ('5', 'python', '2016-09-20 16:29:14');
INSERT INTO `tag` VALUES ('6', 'test', '2016-09-22 09:37:51');
INSERT INTO `tag` VALUES ('7', 'editor.md', '2016-09-23 11:58:14');

-- ----------------------------
-- Table structure for user
-- ----------------------------
DROP TABLE IF EXISTS `user`;
CREATE TABLE `user` (
  `id` int(10) unsigned NOT NULL AUTO_INCREMENT,
  `name` varchar(50) DEFAULT NULL,
  `password` varchar(50) DEFAULT NULL,
  `admin` tinyint(4) DEFAULT '0',
  `email` varchar(255) DEFAULT NULL,
  `logo` varchar(255) DEFAULT NULL,
  `create_time` datetime DEFAULT NULL,
  PRIMARY KEY (`id`)
) ENGINE=MyISAM AUTO_INCREMENT=46 DEFAULT CHARSET=utf8;

-- ----------------------------
-- Records of user
-- ----------------------------
INSERT INTO `user` VALUES ('27', '434234', '44898c00d4986d145d8f4acebd94ff807bc2af0c', '0', '777@163.com', 'http://www.gravatar.com/avatar/757252f3223e9694699656bf2cebc73c?d=wavatar&s=120', '2016-09-09 10:20:01');
INSERT INTO `user` VALUES ('28', '6546456', '44898c00d4986d145d8f4acebd94ff807bc2af0c', '0', '34@16.com', 'http://www.gravatar.com/avatar/d0b1ad5c05170ef88d272d7cbef74f80?d=wavatar&s=120', '2016-09-09 10:22:54');
INSERT INTO `user` VALUES ('29', '4234234', '44898c00d4986d145d8f4acebd94ff807bc2af0c', '0', '43242342@163.com', 'http://www.gravatar.com/avatar/4d609eab1bee3be111ef9e66ebd94c3c?d=wavatar&s=120', '2016-09-09 10:24:06');
INSERT INTO `user` VALUES ('30', '111111', '44898c00d4986d145d8f4acebd94ff807bc2af0c', '0', '222@163.com', 'http://www.gravatar.com/avatar/5f10bd9a4425a4e0fb3010a2acb31600?d=wavatar&s=120', '2016-09-09 10:31:01');
INSERT INTO `user` VALUES ('31', '2331231', '44898c00d4986d145d8f4acebd94ff807bc2af0c', '0', '11@163.com', 'http://www.gravatar.com/avatar/e35fb5a5e5b79ce7c0f38a9bf6d3c3a1?d=wavatar&s=120', '2016-09-09 10:41:42');
INSERT INTO `user` VALUES ('32', '1423424', '4f5e4b6e0f291f2872e625a88af5d96c538325d6', '0', '22@163.com', 'http://www.gravatar.com/avatar/7bf71d6698d665048341459c1364209f?d=wavatar&s=120', '2016-09-09 17:16:20');
INSERT INTO `user` VALUES ('33', '4324234', 'c69feec4c5b5100d0c49596412983c08808d0403', '0', '33@163.com', 'http://www.gravatar.com/avatar/9dcdfddd9a217ff463474d401e325402?d=wavatar&s=120', '2016-09-09 17:16:45');
INSERT INTO `user` VALUES ('34', '432423424', '0bb20a428bd6643253d415236370adac54899727', '0', '23@163.com', 'http://www.gravatar.com/avatar/0cf497221d53347ff86773b4109c49aa?d=wavatar&s=120', '2016-09-09 17:46:16');
INSERT INTO `user` VALUES ('35', 'nihao', 'e6252008d01ce2320f8c4c817db27824e8712a47', '0', '38@163.com', 'http://www.gravatar.com/avatar/b618b1a41d35fceeaf1e6230d09d4687?d=wavatar&s=120', '2016-09-13 17:36:53');
INSERT INTO `user` VALUES ('36', 'nndnasdas', 'e37f08c08788b905e0c62067e403663678595469', '0', '136@163.com', 'http://www.gravatar.com/avatar/08e4524ed44d77ff4f694ee073cf63e6?d=wavatar&s=120', '2016-09-13 17:40:15');
INSERT INTO `user` VALUES ('37', 'qrrer', '1dcfd7afb1414bff145550368c7673f46c1d0f02', '0', '888@163.com', 'http://www.gravatar.com/avatar/4418411cd9e1ee5ea0b61e1331e56e72?d=wavatar&s=120', '2016-09-13 18:56:21');
INSERT INTO `user` VALUES ('38', '433', 'eef3687388559ce404a3e13f1b32091fb695df63', '0', '45556@163.com', 'http://www.gravatar.com/avatar/d3b29f0401d68f99f3459751c3a65923?d=wavatar&s=120', '2016-09-13 18:59:26');
INSERT INTO `user` VALUES ('39', '6576', '3a8822598b18d5eb56c62567395207780daeeed5', '0', '5555@163.com', 'http://www.gravatar.com/avatar/9845d43ae8e6311ba599bdda4f4fb578?d=wavatar&s=120', '2016-09-13 19:04:08');
INSERT INTO `user` VALUES ('40', '4234234', 'e3d702f9c128dc6a4120e8bff5aa888a5887a902', '0', '888444@163.com', 'http://www.gravatar.com/avatar/378bec2a325d7c7cca028f3a9e5e74a7?d=wavatar&s=120', '2016-09-13 19:07:37');
INSERT INTO `user` VALUES ('41', '4324324', '817fbe3b478d9138a188a35b99e671c0a422891a', '0', '745@163.com', 'http://www.gravatar.com/avatar/e2345272be8244464bcf6d016ab47d0a?d=wavatar&s=120', '2016-09-13 19:11:01');
INSERT INTO `user` VALUES ('42', '65464', 'bf3da17415bc4de22bf42ff7f0c1f60607e871aa', '0', '6464@163.com', 'http://www.gravatar.com/avatar/6719103ff44376da979b9491f9f7745b?d=wavatar&s=120', '2016-09-13 19:15:45');
INSERT INTO `user` VALUES ('43', '4324324', '5d6b38d40acb8794b0b2b082fe93b563dc6bbef9', '0', '423423@163.com', 'http://www.gravatar.com/avatar/f3397837e1fa7b4aed99e958577c0261?d=wavatar&s=120', '2016-09-13 19:16:53');
INSERT INTO `user` VALUES ('44', '32132131', '400ded9df9cd02d3e25e91dd753a276625512ad1', '0', '21321312@163.com', 'http://www.gravatar.com/avatar/ab2a5f5275ac6144391fd84d0ff26e0f?d=wavatar&s=120', '2016-09-13 19:23:51');
INSERT INTO `user` VALUES ('45', '3131231', '491292fdbda7178f5fbd0e783b810590ccce9bb5', '0', '31232114@163.com', 'http://www.gravatar.com/avatar/03f446a97f553bc3a0aee85c28c30fec?d=wavatar&s=120', '2016-09-13 19:26:35');
